0.0011416015625,0.4645263671875,-0.002,-0.001,-0.001,0,-0.524,0.0213144132221013,0.160325238383719,0.197213538329188
-0.0010322265625,0.462693359375,-0.001,-0.001,-0.076,-0.02,-0.984,0.0333852491726466,0.159682386759329,0.191382231424554
-0.0008876953125,0.4573740234375,0.003,-0.001,-0.139,0.008,-0.872,0.0382139500563151,0.159045659041919,0.189040419385633
-0.0008876953125,0.4477421875,-0.003,0.007,-0.23,0.04,-0.94,0.0450856236555751,0.157962281049136,0.18625250388971
-0.0011767578125,0.4287109375,-0.01,-0.001,-0.378,0.04,-0.216,0.0674383238174828,0.153030524575455,0.176290053314753
-0.0008876953125,0.4029150390625,-0.001,0.018,-0.486,0.052,-1.116,0.0776804969328359,0.147748594670876,0.174353017382112
-0.0010322265625,0.38242578125,0.004,-0.01,-0.55,-0.044,-0.852,0.103998921582013,0.136701565912597,0.162945088770895
-0.0010322265625,0.3527431640625,-0.006,0.01,-0.663,0.008,-0.676,0.110983690141606,0.132452192407164,0.164361968358577
-0.0010322265625,0.299705078125,-0.001,-0.003,-0.673,-0.012,-0.916,0.124766982564359,0.129538390001437,0.163264617057099
-0.0007431640625,0.249740234375,-0.008,-0.001,-0.772,0,-1.616,0.14094399252263,0.122321569779669,0.163603086664978
-0.0007431640625,0.22332421875,-0.001,0.007,-0.67,0.02,-1.444,0.130341821652404,0.132479798920749,0.169273432537528
-0.0007431640625,0.192376953125,0.003,-0.001,-0.594,0.052,-1.444,0.124884972898824,0.140538896240138,0.172320664357429
-0.0008876953125,0.161455078125,0.009,-0.011,-0.488,0.076,-1.616,0.116318809485863,0.148529175172978,0.175519174316939
-0.00058984375,0.1280546875,-0.001,0.007,-0.243,0,-2.996,0.0947541281540616,0.156270660262416,0.180611627521052
-0.00058984375,0.1212890625,-0.006,-0.001,0.019,0,-3.26,0.0627978919350851,0.16022502588767,0.184492734694205
-0.0007431640625,0.12108203125,0.005,-0.02,-0.015,0.02,-3.916,0.0694633295895794,0.16025013520945,0.183667767442208
-0.00233203125,0.12108203125,-0.001,-0.018,-0.001,-0.044,-4.068,0.0759815799428508,0.16012812200477,0.182897410628348
-0.0170849609375,0.1212890625,-0.001,-0.055,-0.027,0.02,-5.164,0.0830518214305255,0.158942519963073,0.181908115840403
-0.0620576171875,0.1214951171875,-0.001,-0.049,-0.001,0,-6.216,0.0876548086233702,0.155175673714732,0.182311164781309
-0.063798828125,0.1214951171875,-0.001,-0.001,-0.001,-0.032,-6.804,0.0795557500687777,0.155544678062274,0.183728056259274
-0.063943359375,0.1214951171875,-0.001,0.01,-0.001,0,-6.304,0.0724285755708513,0.155988040421692,0.184526330321052
-0.0917177734375,0.1212890625,-0.001,-0.064,-0.001,-0.012,-7.264,0.097732619245791,0.152004748960476,0.181315987386422
-0.11399609375,0.1212890625,-0.001,-0.073,-0.001,-0.032,-6.104,0.106048103970868,0.149225141966827,0.180389937224664
-0.1196357421875,0.1200625,-0.001,-0.055,-0.023,0.076,-6.016,0.0912884263826111,0.150686924636987,0.183658739663016
-0.126439453125,0.1071513671875,-0.001,-0.028,-0.123,-0.032,-6.172,0.114181277978722,0.145536881624713,0.180354930350352
-0.1278837890625,0.064119140625,-0.001,-0.008,-0.219,0,-6.348,0.123307569584761,0.142513934306945,0.181243877326015
-0.12802734375,0.011029296875,-0.001,-0.001,-0.242,0.02,-6.98,0.129037462227642,0.14168401788971,0.1829197481493
-0.0694384765625,-0.044951171875,-0.001,-0.046,-0.001,0.032,-6.804,0.106036547844503,0.153324728812847,0.183728173032313
-0.077830078125,-0.044951171875,-0.001,-0.111,-0.001,0.008,-7.136,0.127763690548462,0.150852426980419,0.183140854845054
-0.0914287109375,-0.0447451171875,-0.001,-0.146,-0.001,0.04,-6.764,0.134797722960897,0.148652547117939,0.182921396717859
-0.1056044921875,-0.0447451171875,-0.001,-0.119,-0.001,-0.032,-7.464,0.13929949615208,0.1464642941145,0.182658821481579
-0.131646484375,-0.044951171875,-0.001,-0.001,-0.001,0.052,-7.9,0.100837013111172,0.148347457470649,0.1832795425412
-0.131646484375,-0.045158203125,-0.001,-0.001,-0.016,0,-7.66,0.109780108392988,0.147147814110325,0.183495957994503
-0.1320791015625,-0.058275390625,-0.001,-0.011,-0.074,0.032,-6.632,0.117801351350886,0.146009927376721,0.183976355358883
-0.13308984375,-0.0707861328125,-0.001,-0.027,-0.176,0.02,-5.908,0.138886929951242,0.141512733358883,0.184954997335587
-0.1349755859375,-0.07919140625,-0.001,-0.049,-0.227,0,-6.172,0.155178539224584,0.137213283035728,0.185311068247683
-0.1381611328125,-0.093341796875,-0.001,-0.068,-0.314,-0.02,-6.236,0.175768273818179,0.129902897152054,0.186067418970269
-0.1433671875,-0.11776953125,-0.001,-0.073,-0.367,0.02,-6.564,0.182571223716794,0.127471653215343,0.187862465523428
-0.146552734375,-0.1333525390625,-0.001,-0.085,-0.403,0.008,-6.412,0.193788204361709,0.122894092143652,0.189036139537415
-0.1553779296875,-0.176642578125,-0.001,-0.072,-0.404,0.076,-6.216,0.189196784507952,0.125617069426487,0.193029892708937
-0.1573994140625,-0.1951181640625,-0.001,-0.028,-0.363,0.032,-6.456,0.180097617163926,0.126320644672824,0.194591008183673
-0.1573994140625,-0.2080556640625,-0.001,-0.001,-0.336,0,-6.676,0.174955895039333,0.126867387394143,0.195436211333152
-0.1568212890625,-0.22734375,-0.001,0.01,-0.253,-0.032,-6.872,0.168170647814927,0.130259150071356,0.195149361776484
-0.156244140625,-0.2365751953125,-0.001,0.01,-0.219,0.008,-6.936,0.160301664375748,0.133990646670801,0.193323683739628
-0.1552333984375,-0.242333984375,-0.001,0.038,-0.188,-0.012,-6.848,0.152161798197997,0.135721512574869,0.192046048784803
-0.1231103515625,-0.251978515625,-0.001,0.148,0.1,0.032,-6.192,0.0796844173235583,0.150488689457147,0.167981007400275
-0.11399609375,-0.2417138671875,-0.001,0.162,0.191,0.008,-6.128,0.0650383833721741,0.151131589377433,0.162908920815231
-0.103439453125,-0.22201171875,-0.001,0.107,0.268,0.032,-6.368,0.0606874992971682,0.148761696343013,0.165864408448929
-0.101697265625,-0.208869140625,-0.001,0.015,0.238,0.02,-6.848,0.086445394700891,0.147775980599162,0.177622261342758
-0.1024189453125,-0.199224609375,-0.001,-0.017,0.238,0.04,-5.776,0.0906877911166122,0.146660761032101,0.180100973495274
-0.1090791015625,-0.1828017578125,-0.001,-0.123,0.103,0.02,-5.908,0.137811183532002,0.145179057494008,0.188474910156297
-0.1132744140625,-0.1797158203125,-0.001,-0.156,0.091,0.008,-6.128,0.149967132299588,0.143636285908484,0.18930847763843
-0.1207998046875,-0.17581640625,-0.001,-0.152,0.072,-0.02,-6.128,0.155819909940085,0.142433266971101,0.189203296883849
-0.1273056640625,-0.17069140625,-0.001,-0.06,0.074,0.02,-7.528,0.126311808138053,0.144868011245589,0.186057840300142
-0.126294921875,-0.115302734375,-0.001,-0.011,0.25,0.064,-7.616,0.0764553171901135,0.145435441670917,0.180362059604956
-0.1260068359375,-0.0943740234375,-0.001,-0.001,0.322,0.052,-8.008,0.0630117688076319,0.144270225986919,0.179417418966757
-0.1261513671875,-0.0839169921875,-0.001,-0.001,0.363,-0.044,-7.616,0.0686669491541721,0.145985084020279,0.180322244910051
-0.1258623046875,-0.0660732421875,-0.001,0.012,0.369,0.02,-7.988,0.0537503635177592,0.144501593678088,0.179312395313424
-0.1229658203125,-0.01459765625,-0.001,0.014,0.356,0.008,-7.112,0.0491083601454503,0.146410716873792,0.181801626342301
-0.121955078125,0.0114296875,-0.001,0.014,0.31,-0.012,-7.136,0.0542306368023834,0.148756458050415,0.183181497131836
-0.1138515625,0.0557138671875,-0.006,0.099,0.176,0.02,-5.756,0.0386861186429566,0.154012718018481,0.182489637714991
-0.107048828125,0.0633056640625,-0.001,0.145,0.184,0.02,-6.04,0.0233095132445957,0.155845692954105,0.180938108324498
-0.087810546875,0.0766171875,0.007,0.145,0.11,0.02,-5.624,0.028316066338236,0.157699111244813,0.182641555074655
-0.083181640625,0.0784638671875,0,0.164,0.03,0.02,-6.148,0.0333980203921334,0.157929594551249,0.182956238672196
-0.0451474609375,0.081123046875,0.002,0.089,0.006,-0.012,-5.972,0.0544010165791658,0.158058828568742,0.184578251695117
-0.03545703125,0.0114296875,-0.001,0.014,-0.24,0,-6.412,0.11365583594939,0.152488842680047,0.183358110385169
-0.0350234375,-0.0217763671875,-0.001,-0.001,-0.087,0.008,-6.06,0.100526398221108,0.156464422070786,0.183516260291853
-0.0150546875,-0.025869140625,-0.001,0.203,-0.016,0.032,-5.776,0.0313238402853561,0.159841848821414,0.176032520004475
0.0089462890625,-0.02648828125,-0.001,0.287,-0.024,-0.02,-5.012,0.013734374548758,0.160256182392835,0.172273858266506
0.0199462890625,-0.0273017578125,-0.001,0.285,-0.017,0.032,-4.332,0.00506008056326569,0.160409137157058,0.169983576280269
0.036720703125,-0.0271083984375,-0.001,0.286,0.014,0.076,-4.552,-0.0076049730752533,0.159886282479118,0.167104857149846
0.054650390625,-0.0266953125,-0.001,0.319,0.014,0.04,-4.396,-0.0141113646811882,0.159588809257297,0.165283942614628
0.07748828125,-0.02648828125,-0.001,0.275,0.008,0,-3.04,-0.000913139945135321,0.160633634640944,0.171058346999315
0.0942626953125,-0.02648828125,-0.001,0.223,-0.001,0.008,-2.932,0.00978785520963163,0.161881148968207,0.174921389577535
0.139515625,-0.02258984375,-0.001,0.217,-0.001,0.008,-2.144,0.00344078738464331,0.162298244725417,0.175530045600107
0.1479072265625,-0.021982421875,-0.001,0.207,0.021,0.064,-2.32,-0.00557046320550281,0.160960907214958,0.174073435802144
0.1766650390625,-0.0129580078125,-0.001,0.232,0.096,0.008,-2.32,-0.0202171249819098,0.158407354840213,0.17191324518986
0.1873671875,-0.0074189453125,-0.001,0.205,0.126,0.064,-1.532,-0.026718761959371,0.155815281012315,0.172144417553447
0.19878125,-0.0010673828125,-0.001,0.157,0.084,0.064,-1.116,-0.012000303854484,0.159817718955279,0.177059566582999
0.2047099609375,0.001591796875,-0.001,0.145,0.068,0.02,-1.18,-0.00257957239729438,0.162624196601588,0.178838793849963
0.2122265625,0.006716796875,-0.001,0.119,0.086,-0.012,-1.444,0.00392518626009658,0.164407887820899,0.180459148372344
0.2239296875,0.038904296875,-0.001,0.016,0.179,0.008,-1.596,0.0100414910095166,0.164232506980992,0.184065667068228
0.22523828125,0.103458984375,-0.001,0.019,0.183,0.02,-1.988,-0.00120579428475356,0.161310095986291,0.186777126059325
0.226681640625,0.1116572265625,-0.001,0.038,0.215,0.008,-1.88,-0.0099104929221879,0.158726684613169,0.187236141951696
0.235208984375,0.1360458984375,-0.001,0.093,0.197,0.02,-2.404,-0.0278860371749309,0.154851278722772,0.187982172280719
0.243736328125,0.155515625,-0.001,0.069,0.186,0.008,-2.076,-0.0226043258611653,0.156888708681474,0.189349189539408
0.246767578125,0.19544921875,-0.001,-0.001,0.238,0.008,-1.576,-0.0160520847506414,0.157007924601169,0.192216976087199
0.2444580078125,0.221890625,-0.001,-0.048,0.334,0.02,-1.88,-0.0187984291807479,0.151820682870925,0.196022642252227
0.2427255859375,0.2286435546875,-0.001,-0.086,0.331,0,-1.684,-0.00699017152558921,0.155766064816698,0.194288663179199
0.2311572265625,0.26673046875,-0.001,-0.148,0.388,0.02,-2.712,-0.0016158812793573,0.152837313870288,0.196613009795625
0.22466015625,0.2825078125,-0.001,-0.178,0.373,-0.02,-2.252,0.0106173560854252,0.158245255468865,0.192348999334
0.218876953125,0.2935595703125,-0.001,-0.194,0.383,0.04,-1.836,0.00749601911485137,0.153717529550708,0.195606154487284
0.1935751953125,0.3265341796875,-0.001,-0.209,0.126,0.032,-2.976,0.0384041980144858,0.169265251656221,0.178065159451873
0.18548046875,0.329,-0.001,-0.205,0.046,0,-2.864,0.0509633179680596,0.172562323616518,0.170815425973521
0.16423046875,0.3277607421875,-0.001,-0.141,-0.029,0.02,-3.98,0.0464909908132276,0.170250727772532,0.175259001963623
0.155712890625,0.323875,-0.001,-0.146,-0.079,0.02,-3.74,0.0556901263788061,0.170836327373698,0.171541970662208
0.1516611328125,0.320388671875,-0.001,-0.137,-0.119,0.008,-3.544,0.0611127607107739,0.17070685440954,0.169553373488198
0.134318359375,0.2992919921875,-0.001,-0.166,-0.21,0.032,-3.108,0.0821071851360769,0.170799375225517,0.161907386262385
0.1236162109375,0.283734375,-0.001,-0.185,-0.272,0.04,-3.436,0.097227590782126,0.170092133309453,0.156396132779331
0.1106044921875,0.256091796875,-0.001,-0.146,-0.36,0.02,-4.048,0.108194270509804,0.16554272145805,0.157263931391421
0.10048046875,0.2309033203125,-0.001,-0.146,-0.363,0.02,-4.112,0.114223610651192,0.164740940234803,0.158301225767448
0.08703515625,0.20712109375,-0.001,-0.156,-0.186,0,-3.568,0.102730921033713,0.167579590505457,0.165477718466819
0.07748828125,0.198935546875,-0.001,-0.178,-0.062,0,-3.236,0.0951165727931524,0.167960633988864,0.169332582861733
0.0527734375,0.197708984375,-0.001,-0.125,-0.001,0.052,-4.88,0.0719239738020015,0.16435608401113,0.179625054666937
0.0300615234375,0.197708984375,-0.001,-0.121,-0.003,-0.032,-4.704,0.0855030239430223,0.16296695951688,0.176223895632045
-0.0008876953125,0.1948427734375,-0.001,-0.125,-0.055,0.008,-4.704,0.09354246019447,0.160109329384272,0.175293723043658
-0.008693359375,0.1858310546875,-0.001,-0.099,-0.12,-0.02,-5.448,0.101536862344752,0.158168114207201,0.174097683287019
-0.0141884765625,0.1770126953125,-0.001,-0.124,-0.174,0.032,-5.516,0.110313261637439,0.157485648434217,0.171841841701633
-0.01968359375,0.1684140625,-0.001,-0.141,-0.248,0.02,-6.06,0.127530440213512,0.154374323758818,0.166887022825956
-0.02474609375,0.16062890625,-0.001,-0.172,-0.258,-0.012,-5.384,0.142143910018899,0.151990038364494,0.16194622708874
-0.0408076171875,0.1393251953125,-0.001,-0.22,-0.328,-0.032,-5.472,0.170091259542335,0.144941596239001,0.153315369402894
-0.07493359375,0.1106376953125,-0.007,-0.193,-0.102,0,-6.98,0.141530150314799,0.14987033178597,0.16934123787735
-0.103439453125,0.155515625,0.006,-0.001,0.236,0.052,-6.148,0.0380955201809273,0.152006225612195,0.191057432962907
-0.1037275390625,0.197501953125,-0.001,-0.001,0.315,0,-6.652,0.0294815581977403,0.151312321034855,0.194117511150385
-0.1035830078125,0.21655859375,-0.001,-0.001,0.314,0.032,-7.244,0.0231991363706647,0.15067698471432,0.196340207311554
-0.1082119140625,0.302984375,-0.001,-0.056,0.059,-0.02,-7.024,0.0672186691528446,0.153870468604417,0.18639846323404
-0.11399609375,0.3042236328125,-0.001,-0.044,0.024,0.076,-7.508,0.0575210804914998,0.15447501749126,0.190571398457273
-0.1154404296875,0.303810546875,-0.001,-0.011,-0.001,0,-7.42,0.0621095683968806,0.15417513869893,0.18843193823069
-0.1189140625,0.290693359375,-0.001,-0.001,-0.185,0.02,-8.184,0.0828020793856843,0.149723155912417,0.182346902316972
-0.11905859375,0.2749287109375,-0.001,-0.001,-0.294,0.008,-7.592,0.099807766652778,0.143964740339868,0.177712811072315
-0.119203125,0.258544921875,-0.001,-0.005,-0.341,-0.012,-7.464,0.111008145745163,0.139754174728701,0.175082238940088
-0.1258623046875,0.2378623046875,-0.001,-0.04,0.254,-0.012,-6.784,0.0477753880868274,0.151509322697575,0.193269337602811
-0.12860546875,0.256091796875,-0.001,-0.042,0.336,0.02,-6.26,0.0319111560972295,0.148897092244698,0.198508714508538
-0.131791015625,0.290900390625,-0.001,-0.029,0.337,0.008,-6.016,0.0262527520951085,0.150092843409722,0.201030751497939
-0.1326572265625,0.3158955078125,-0.001,-0.001,0.336,0.076,-5.932,0.00789981651101251,0.149544713307076,0.207130434093821
-0.1326572265625,0.3279677734375,-0.001,-0.001,0.307,0,-6.148,0.0195850163560017,0.15263691414052,0.203587766116842
-0.13280078125,0.3490634765625,-0.001,-0.004,0.182,0.04,-5.58,0.0289642754411648,0.154577788006224,0.201387074257206
-0.1329453125,0.353763671875,0.002,-0.004,0.154,0,-5.252,0.0369147879354589,0.155203039838314,0.198506206022989
-0.129625,0.35949609375,-0.001,0.035,0.01,0.008,-3.872,0.0434182643366347,0.155966902612407,0.195693535490826
-0.1057490234375,0.34782421875,-0.001,0.229,-0.173,0.02,-3.128,0.0137036546126051,0.158122573625085,0.202872011488442
-0.0893984375,0.3332998046875,-0.001,0.291,-0.292,0.052,-2.932,0.00798014189850134,0.156398531003754,0.203815857268967
-0.0607578125,0.3023779296875,-0.001,0.336,-0.395,0,-2.364,0.0144777792253596,0.149162318771875,0.20299750251795
0.0101103515625,0.1847978515625,-0.001,0.085,-0.015,0.052,-2.536,0.0275725296458885,0.160648422201497,0.189398709419696
0.0676533203125,0.2118330078125,-0.001,0.152,0.249,0.04,-2.252,-0.0362387384938494,0.152598991840035,0.194132049114809
0.076044921875,0.2341689453125,-0.001,0.091,0.342,0.02,-1.684,-0.0329618853364388,0.149364524411044,0.198341530980058
0.0776328125,0.2505537109375,-0.001,0.024,0.423,0.008,-1.816,-0.0252183540207772,0.146268967865249,0.201716179037772
0.0748896484375,0.306470703125,-0.001,-0.051,0.681,0,-1.576,-0.0364802509072975,0.127453110038789,0.215063932626877
0.07271484375,0.327154296875,-0.001,-0.078,0.712,0.02,-1.488,-0.0352624463828277,0.123132758499099,0.218812348739152
0.0685283203125,0.3572490234375,-0.001,-0.11,0.77,0.02,-1.464,-0.0334512876525876,0.117908417443882,0.223567825912324
0.05681640625,0.432390625,-0.001,-0.141,0.858,0.02,-1.2,-0.036443006247574,0.109150354629133,0.234356994389862
0.0530625,0.45920703125,-0.001,-0.124,0.883,0.02,-1.576,-0.0445951223347246,0.106172468214165,0.239593167355402
0.044958984375,0.5310693359375,-0.001,-0.088,0.92,0.008,-2.252,-0.0605412511931218,0.103019923423338,0.252193863861372
0.040330078125,0.575095703125,-0.001,-0.086,0.907,0.02,-2.032,-0.0632617793853403,0.103316812308622,0.258401981459919
0.036865234375,0.6082509765625,-0.001,-0.085,0.818,0.04,-1.508,-0.0607503973847402,0.111038867068728,0.259471289906731
0.0336796875,0.6397919921875,0.004,-0.073,0.78,-0.02,-1.42,-0.0590975319978314,0.121155053952727,0.259168921107691
0.0300615234375,0.682373046875,-0.005,-0.051,0.68,0,-1.66,-0.0603312892907261,0.127868238864227,0.26154242973527
0.027318359375,0.7128681640625,-0.001,-0.052,0.592,0,-1.312,-0.0547962801088647,0.13559707116332,0.259126435340307
0.022689453125,0.7524013671875,-0.001,-0.064,0.363,-0.02,-0.984,-0.0331770408426558,0.151625465326141,0.240756133225092
0.0198017578125,0.7638662109375,-0.001,-0.072,0.247,0,-1.596,-0.0235695832132849,0.155713103883481,0.231360991488847
0.0156064453125,0.773072265625,-0.002,-0.093,0.156,0.052,-0.916,-0.0159454305536365,0.157328791120497,0.22460767107926
0.0072138671875,0.778611328125,-0.001,-0.136,0.049,0.064,-0.7,0.000842328298929604,0.159748724215097,0.20688613039346
-0.0290859375,0.7792177734375,0.008,-0.14,-0.001,0.02,-0.304,0.0145608803357676,0.159670570800443,0.196096340856973
-0.0436953125,0.7822900390625,0.011,-0.105,0.048,0.02,-0.808,0.0064087029137523,0.159682899210395,0.20883249423024
-0.046302734375,0.784537109375,-0.008,-0.086,0.075,0.02,-1.224,0.00130428251980052,0.159908789011295,0.215170949562525
-0.051220703125,0.789869140625,0.006,-0.051,0.077,0.008,-1.64,-0.00432846236057944,0.160233955368265,0.221714940950307
-0.052953125,0.7906826171875,-0.001,-0.017,0.008,0.052,-1.16,-0.00781907154728572,0.160875877226197,0.225595150438583
-0.052953125,0.7548544921875,-0.003,0.001,-0.415,0.008,-0.436,0.0364748278135898,0.147599420821811,0.182733050175176
-0.0535302734375,0.7161474609375,-0.005,-0.01,-0.598,0.008,-0.284,0.0594122731061689,0.134656619477543,0.163806740488762
-0.0544052734375,0.6878984375,-0.003,-0.035,-0.775,0.088,-0.568,0.075844353606983,0.125951728634823,0.150356124446237
-0.05903515625,0.6412255859375,-0.001,-0.091,-0.801,0.04,-0.524,0.0969581712577522,0.117305593810065,0.131559158200055
-0.062923828125,0.6164619140625,0.004,-0.15,-0.808,0.02,-0.48,0.111150632129795,0.112802387918667,0.115554789751475
-0.083326171875,0.521244140625,-0.005,-0.244,-0.877,0.04,-2.252,0.14894484626239,0.104049483287047,0.0918081141469814
-0.0946142578125,0.4886826171875,0.005,-0.292,-0.87,0.02,-2.012,0.163045054286571,0.098096808344789,0.0810735227899253
-0.1005419921875,0.4723115234375,-0.008,-0.295,-0.824,0.088,-3.324,0.162875515318268,0.110752076189656,0.0886683719028532
-0.1106669921875,0.449794921875,-0.001,-0.337,-0.771,0.032,-2.232,0.173440667886221,0.106409088127332,0.0797262159369648
-0.1351201171875,0.40353515625,0.011,-0.363,-0.567,-0.02,-3.872,0.179227425234932,0.112604661154093,0.0888291410905357
-0.145244140625,0.385498046875,0.002,-0.348,-0.552,0.076,-4.024,0.17503928928438,0.1210219496125,0.10239689354512
-0.1698427734375,0.35336328125,-0.001,-0.362,-0.381,0.04,-4.484,0.175444962913911,0.12479293318705,0.112775403460347
-0.184171875,0.3367724609375,-0.005,-0.364,-0.407,0,-5.228,0.186657714593208,0.117700004883306,0.108114482532759
-0.2015322265625,0.3226484375,-0.012,-0.327,-0.234,0.008,-5.908,0.168798782427496,0.126991180621098,0.131036850280525
-0.2164306640625,0.3113896484375,-0.003,-0.291,-0.194,0.02,-6.104,0.159951120346052,0.127174391117285,0.142211408476885
-0.2384296875,0.2992919921875,0.002,-0.229,-0.067,0,-7.092,0.139868460246854,0.130514121788419,0.160153285853883
-0.2573876953125,0.2923330078125,0.009,-0.157,-0.041,0.008,-7.768,0.123042417545012,0.132871736666209,0.171917361640401
-0.26302734375,0.290693359375,-0.001,-0.135,-0.063,0.04,-7.812,0.118308499705739,0.134262265584022,0.175018658039548
-0.2819853515625,0.2835283203125,0.004,-0.05,-0.04,0,-8.34,0.103426357604642,0.136736929106678,0.182799841894168
-0.2831494140625,0.263658203125,-0.001,-0.008,-0.157,0.008,-8.624,0.109414331547062,0.133563484675338,0.181869138566223
-0.2831494140625,0.2317158203125,-0.005,0.007,-0.191,-0.012,-8.624,0.116442692069637,0.130301746146702,0.181098670949386
-0.2830048828125,0.2190244140625,-0.007,-0.001,-0.22,0.008,-8.864,0.121215742839636,0.12872394783599,0.180074055508364
-0.286623046875,0.1485439453125,-0.001,-0.056,-0.078,0,-7.792,0.128001018567925,0.128985426186561,0.179942537481262
-0.2895107421875,0.144658203125,-0.001,-0.078,-0.101,0.02,-7.592,0.134760087322333,0.126708274502994,0.178429523089468
-0.317158203125,0.144658203125,-0.001,-0.102,0.22,0.008,-8.864,0.104501486693435,0.13070607205085,0.186886088035364
-0.32642578125,0.166361328125,-0.001,-0.156,0.364,-0.02,-8.928,0.101416670028572,0.126476272125819,0.189657773900785
-0.3362705078125,0.18909765625,-0.001,-0.211,0.463,0.008,-8.536,0.097667992715086,0.119958576990151,0.193432458815494
-0.3453837890625,0.2108134765625,-0.001,-0.234,0.551,0.052,-8.448,0.0859442690795558,0.114116843995021,0.199601921970447
-0.3694130859375,0.2757421875,-0.001,-0.256,0.671,-0.032,-8.448,0.0826968344630489,0.111030636267689,0.202911619273095
-0.3860615234375,0.3322666015625,-0.001,-0.185,0.727,0.04,-8.884,0.0461175038037935,0.113207687020213,0.217138636523806
-0.3932978515625,0.3592890625,-0.001,-0.183,0.649,0,-8.688,0.0575099178399321,0.119651603697382,0.213086413649612
-0.3998134765625,0.3850849609375,-0.003,-0.15,0.628,0.076,-8.668,0.0415404330442828,0.121607219782078,0.220612320159355
-0.40647265625,0.435876953125,-0.007,-0.029,0.548,0.008,-8.668,0.0252638608226581,0.140821329150565,0.224486009649138
-0.40647265625,0.4538876953125,0.005,0.015,0.423,0.032,-9.084,0.0253573319327553,0.148961514021079,0.224112312557211
-0.406328125,0.4581875,-0.012,0.017,0.425,-0.02,-9.344,0.0308269184256867,0.148487307043518,0.221763232885036
-0.40647265625,0.4837763671875,0.006,0.004,0.244,0.008,-8.58,0.0503024492223208,0.1484199772797,0.214875612550482
-0.4066171875,0.4931884765625,-0.001,-0.001,0.16,-0.012,-8.164,0.0630102966777471,0.145758646237719,0.20860393571268
-0.4066171875,0.4966748046875,0.003,-0.001,-0.001,-0.012,-8.424,0.0808023950993709,0.139727556861525,0.198507022465637
-0.4066171875,0.4956416015625,-0.001,0.009,-0.014,0.032,-8.252,0.0755771528605727,0.142031356901875,0.20162903932347
-0.40647265625,0.4944150390625,-0.001,0.001,-0.056,-0.02,-8.732,0.0874976619261582,0.136472157182137,0.194523182333594
-0.4066171875,0.4860234375,-0.001,-0.001,-0.123,0.02,-8.252,0.0918138629304375,0.134245847434245,0.192038581143272
-0.40676171875,0.4647333984375,-0.001,-0.01,-0.254,0,-8.008,0.111229069829975,0.121903903252358,0.180558497229044
-0.40618359375,0.411720703125,-0.001,-0.019,-0.316,0.008,-9.696,0.12484159138285,0.113869419388273,0.175086344650532
-0.406328125,0.394716796875,-0.001,0.012,-0.338,0.02,-8.952,0.121524042887005,0.114833466159622,0.178819189654574
-0.40589453125,0.303810546875,-0.001,-0.008,-0.191,0.032,-9.584,0.121168353463409,0.1206154186019,0.182135845401694
-0.4056064453125,0.2972392578125,-0.001,0.007,-0.158,0.04,-10.176,0.114000988137019,0.124584428198361,0.185121733606501
-0.4054619140625,0.28639453125,-0.001,0.009,-0.103,0.04,-10.616,0.108499980977051,0.127689845777062,0.187077327717723
-0.39547265625,0.2788154296875,-0.001,0.103,-0.001,0.052,-9.584,0.0717431942525498,0.143727749033146,0.195953957563598
-0.3798349609375,0.2788154296875,-0.001,0.18,-0.001,-0.032,-9.74,0.0609132008304527,0.148232892197269,0.19702196363399
-0.3688359375,0.2788154296875,-0.001,0.182,-0.001,0.032,-9.432,0.0508397838604953,0.152155501698958,0.197910075139667
-0.2999326171875,0.2788154296875,-0.001,0.046,-0.001,-0.012,-9.06,0.0799063036165963,0.143066038307048,0.191112672151797
-0.29935546875,0.2788154296875,-0.001,-0.008,-0.001,0.008,-8.624,0.0906277215870243,0.139792735849369,0.188080126822647
-0.309921875,0.2788154296875,-0.001,-0.06,-0.001,0.076,-9.432,0.0966228629661872,0.137393420783751,0.187245845349897
-0.2676650390625,0.2786083984375,-0.001,0.291,-0.001,0.008,-8.536,0.0103495217936223,0.163301477215511,0.198637768976104
-0.25854296875,0.2786083984375,-0.001,0.304,-0.001,0.032,-8.184,0.00241004032775907,0.165091431283154,0.19854294152861
-0.1597177734375,0.27840234375,-0.001,0.296,-0.001,0.02,-7.66,-0.0101792211333396,0.163927861443782,0.198583697860336
-0.145244140625,0.27840234375,-0.001,0.296,-0.004,0.052,-7.332,-0.0163772296545817,0.164343670447739,0.198669654437569
-0.1229658203125,0.2781953125,-0.001,0.324,-0.001,0.04,-6.72,-0.0262198292769724,0.164675005492579,0.198209056805957
-0.0517978515625,0.280455078125,-0.001,-0.16,0.014,0,-5.972,0.0902944920420016,0.155861266590204,0.174271292346323
-0.05874609375,0.280248046875,-0.001,-0.172,-0.001,-0.012,-6.104,0.0975738820234938,0.154884025294393,0.171327196553598
-0.102275390625,0.2800419921875,-0.001,-0.206,-0.001,0.02,-7.092,0.108501617120206,0.15006104928426,0.169198281948078
-0.131646484375,0.2798349609375,-0.001,-0.132,-0.001,0.008,-8.008,0.0966624662433364,0.148935307744293,0.176916631295172
-0.185470703125,0.2812685546875,-0.001,-0.188,0.014,0,-7.156,0.116752343935094,0.141226436426446,0.171040544289406
-0.196181640625,0.281681640625,-0.001,-0.108,-0.015,-0.02,-9.432,0.1051611383026,0.142513034421879,0.177276595189558
-0.2050068359375,0.2831142578125,-0.001,-0.081,0.037,0.02,-8.928,0.0883148450436876,0.145183241786403,0.184481885011212
-0.2576767578125,0.3687138671875,-0.001,-0.073,0.343,0,-9.98,0.0477648509109249,0.144947598629328,0.204160214117318
-0.2615830078125,0.3850849609375,-0.001,-0.116,0.463,0.04,-9.388,0.0382309336876905,0.138346030759896,0.211428962575279
-0.265923828125,0.3992353515625,-0.001,-0.153,0.532,-0.02,-8.928,0.0455802165267668,0.13558108072713,0.210193677188805
-0.2777890625,0.437103515625,-0.001,-0.177,0.573,0.008,-9.06,0.0416848531337146,0.131534359300703,0.215290066387416
-0.2851708984375,0.4620732421875,-0.001,-0.192,0.63,0.032,-9.016,0.0353811773960691,0.126747045075027,0.221234856225313
-0.3092001953125,0.537421875,-0.001,-0.205,0.631,-0.02,-8.688,0.0399745694556429,0.12959085128496,0.222463282186376
-0.3212099609375,0.5777548828125,-0.001,-0.157,0.576,0.02,-9.168,0.0283481116169429,0.134759413908336,0.230743387766682
-0.3406103515625,0.6391728515625,-0.001,-0.138,0.379,0.008,-9.016,0.0430906173276341,0.144100807135432,0.221813283732542
-0.3453837890625,0.655763671875,-0.001,-0.117,0.407,-0.012,-9.456,0.0370020253278825,0.14586708032603,0.227216701070568
-0.3589912109375,0.698744140625,-0.001,-0.118,0.3,-0.02,-8.536,0.0469601906601138,0.14792839247217,0.22050602274338
-0.3620322265625,0.706322265625,-0.001,-0.107,0.264,0.032,-8.644,0.0431408521983197,0.148817125707133,0.224501324543889
-0.3682587890625,0.7300654296875,0.005,-0.001,0.098,0.02,-9.256,0.0387301669612294,0.155978314591185,0.22797259011888
-0.368546875,0.73273828125,-0.001,-0.001,0.006,0.008,-9.3,0.0487497480942582,0.153000636477213,0.218645115195493
-0.3798349609375,0.732931640625,-0.001,-0.026,-0.001,0.008,-9.716,0.0556733142047151,0.150383635031869,0.213521048520291
-0.3941640625,0.739904296875,-0.001,-0.046,0.094,0.088,-9.236,0.044978059326781,0.153045379944978,0.22743178140039
-0.39605078125,0.761607421875,-0.001,-0.002,0.197,0,-9.564,0.0329883713058224,0.157069912708111,0.238258034485928
-0.39576171875,0.771638671875,-0.001,0.011,0.266,0.02,-9.98,0.0207661795434735,0.159050378633686,0.249635485807302
-0.39576171875,0.7990751953125,0.009,-0.003,0.324,0.008,-9.848,0.0171741197139477,0.158925284467098,0.255330536844189
-0.39576171875,0.8197578125,-0.001,-0.001,0.37,-0.012,-9.74,0.0131143635647957,0.158830445890335,0.260478707575279
-0.3950400390625,0.8558056640625,-0.008,0.03,0.368,0.052,-10,-0.00075507843174741,0.160845867157057,0.275933009937135
-0.3917099609375,0.8891796875,-0.001,0.04,0.326,0,-8.972,0.00432209721484886,0.163825452486544,0.273604681279936
-0.38476171875,0.916435546875,-0.001,0.1,0.265,0.02,-8.928,-0.0054244003531505,0.169182142021632,0.283756429921905
-0.3753505859375,0.9358916015625,-0.001,0.092,0.169,-0.044,-8.556,0.00875198508475817,0.167778628257722,0.269555161026234
-0.368546875,0.9453173828125,-0.001,0.08,0.082,0,-7.376,0.0129861497835491,0.166297827245707,0.263914599567218
-0.3650732421875,0.9471630859375,-0.001,0.083,0.011,-0.02,-7.244,0.0194873456820966,0.164161601762801,0.255371921807422
-0.335828125,0.94675,0.007,0.153,-0.02,0.04,-7.092,0.000394870652585301,0.170052154114186,0.27208465996474
-0.328302734375,0.9463369140625,-0.002,0.199,-0.001,0.04,-7.112,-0.0110677628637802,0.172998132011154,0.282000126705809
-0.28922265625,0.9287265625,0.003,0.341,-0.245,0,-6.192,-0.0169907171642186,0.16823698843896,0.280788328498124
-0.2741708984375,0.9156083984375,-0.001,0.374,-0.287,0.02,-5.908,-0.0233983160823595,0.168029385781749,0.282846955992256
-0.2669345703125,0.906583984375,0.006,0.357,-0.463,-0.012,-5.252,-0.00207434753182869,0.151349229467196,0.26515020196703
-0.24725390625,0.884880859375,0,0.392,-0.447,0.02,-5.428,-0.0149208069489739,0.156474911659123,0.271493660857581
-0.229306640625,0.85723828125,-0.004,0.356,-0.505,0.008,-4.792,-0.00272987331778422,0.148176000548235,0.257306834095597
-0.2162861328125,0.8330693359375,-0.001,0.309,-0.573,0,-4.64,0.0123886634038456,0.139101634178028,0.241455608271417
-0.205294921875,0.8072734375,-0.001,0.268,-0.681,0.02,-3.98,0.0274776796588888,0.128692595948722,0.225857441548166
-0.1773681640625,0.7225,0,0.187,-0.781,0.04,-3.588,0.0531459555439848,0.117025863382321,0.198984513863188
-0.1633369140625,0.63937890625,-0.001,0.103,-0.908,0,-3.608,0.0874143651340443,0.094997953915106,0.169916385673418
-0.1572548828125,0.5734560546875,-0.001,0.087,-0.956,0.04,-3.348,0.100004288441369,0.0925512902281084,0.165789723115352
-0.15465625,0.544380859375,-0.001,0.09,-0.971,0.032,-3.456,0.104766036716041,0.0894857821069709,0.165750461910482
-0.1519033203125,0.515111328125,-0.001,0.09,-1.003,0,-3.456,0.112124801893295,0.0813595240276216,0.164017174216999
-0.1443779296875,0.4491748046875,-0.001,0.117,-0.915,-0.012,-3.632,0.111489963162631,0.0908237860429253,0.172798254399014
-0.13337890625,0.3736201171875,-0.001,0.127,-0.781,0.04,-4.224,0.105238460575541,0.111621047425543,0.180370553601954
-0.1245537109375,0.3201953125,-0.001,0.099,-0.615,0.04,-3.852,0.102584025379948,0.126697019258259,0.180886105794118
-0.111533203125,0.24380078125,-0.001,0.052,-0.178,0.02,-4.64,0.073647481848327,0.151371093793347,0.186116076280911
-0.064087890625,0.2284365234375,-0.006,0.255,-0.095,0.032,-4.112,0.0024472924579025,0.159910730690148,0.19380184240631
-0.0452919921875,0.1960693359375,-0.001,-0.304,-0.208,0.076,-2.8,0.154008260422357,0.152740146290719,0.149912435327218
-0.0918623046875,0.1790654296875,-0.001,-0.629,-0.2,0.008,-2.604,0.233825845618481,0.137101850351006,0.0885258224745206
-0.122244140625,0.1706728515625,-0.001,-0.664,-0.203,0.04,-2.888,0.243096026655038,0.130088920479065,0.0851614926451873
-0.1336767578125,0.16820703125,-0.006,-0.571,-0.121,0.008,-5.34,0.224521947990616,0.131624508118067,0.109007142535574
-0.1615947265625,0.163908203125,-0.002,-0.496,-0.026,0.02,-6.676,0.203213981033222,0.129570991572075,0.132189219043149
-0.185904296875,0.1632880859375,-0.012,-0.428,0.053,0.052,-6.892,0.180218726033541,0.129841481937541,0.151349746066956
-0.20370703125,0.1634951171875,-0.003,-0.292,0.039,0.02,-7.2,0.155777178972805,0.131504395148156,0.164960116311754
-0.2212041015625,0.1712802734375,-0.001,-0.171,0.124,0.032,-5.82,0.115184975423375,0.136810149121037,0.180800486533187
-0.2864794921875,0.2751357421875,-0.001,-0.006,0.014,0.02,-2.996,0.0854117982963486,0.141893753940323,0.189130338768431
-0.27909765625,0.2751357421875,-0.001,0.067,-0.001,0.02,0.872,0.0680910829126525,0.147220757121042,0.193090390022364
-0.26722265625,0.2753291015625,-0.001,0.112,-0.001,0.008,0.172,0.0564579805907108,0.150711447132461,0.19491956732336
-0.244791015625,0.2741025390625,0.001,0.04,-0.025,0.02,0.5,0.0729860639439389,0.147028999574546,0.190784728110956
-0.234810546875,0.297859375,-0.004,0.003,0.29,0,0.852,0.0396646631606121,0.149319066583129,0.200654545840616
-0.2346669921875,0.336359375,0.006,-0.001,0.489,-0.02,0.084,0.0131835582440488,0.146912953372865,0.211185588044197
-0.2346669921875,0.383458984375,-0.01,-0.001,0.631,0.04,0.348,-0.0152005727655583,0.137355955853802,0.224509167161311
-0.2343779296875,0.416626953125,-0.007,0.007,0.66,0,-0.128,-0.0192569955308073,0.139361929960424,0.228548515267304
-0.2340888671875,0.44304296875,-0.005,0.006,0.681,0.008,0.216,-0.0245927865334535,0.138258694791597,0.233383836524981
-0.23380078125,0.506306640625,0.005,0.016,0.583,0.02,0,-0.0228045208471565,0.145975848335709,0.238611731688014
-0.233646484375,0.544173828125,0.006,0.005,0.504,0.02,0.064,-0.0138289925949864,0.149748956295751,0.238433024699803
-0.2335029296875,0.5671171875,-0.001,0.007,0.313,0.032,0.372,0.00473320237830607,0.155435238756408,0.229680701115702
-0.2333583984375,0.59106640625,-0.006,-0.009,0.152,0.02,0.328,0.0262926526544547,0.156356722972405,0.217651686409325
-0.2332138671875,0.599251953125,0.003,-0.002,0.159,0.04,-0.216,0.0207340927912076,0.15727901118304,0.221596048731002
-0.2327802734375,0.6201416015625,0.004,0.001,0.19,0.02,-1.552,0.016719383945615,0.157857551420742,0.224875833321856
-0.2329248046875,0.6537099609375,-0.001,-0.009,0.356,0.032,-1.816,-0.00325232320773553,0.155153811625063,0.241082382456103
-0.2333583984375,0.6838056640625,-0.001,-0.027,0.409,0.02,-1.924,-0.00555297862000665,0.15338625145488,0.245663712381934
-0.2335029296875,0.6921982421875,-0.001,-0.005,0.418,0.008,-2.712,-0.0109469854635092,0.15480987662018,0.249308891437298
-0.234810546875,0.7382646484375,-0.005,-0.016,0.508,0.076,-3.48,-0.0264939447655482,0.148020252356509,0.266754419607554
-0.235244140625,0.7581337890625,0.005,-0.02,0.479,0.02,-3.524,-0.0186729045054193,0.15258215580197,0.262130459840075
-0.2356767578125,0.77246484375,-0.001,-0.017,0.468,0.052,-4.156,-0.0218077632882748,0.151731359486289,0.266173371677
-0.2391513671875,0.8236572265625,-0.008,-0.029,0.532,0,-4.9,-0.0221528796321795,0.150504057142654,0.272134354088724
-0.2434912109375,0.8791484375,-0.001,-0.031,0.458,0.02,-5.076,-0.0186584307605273,0.154058479975982,0.274715441980703
-0.245521484375,0.8988115234375,0.003,-0.041,0.362,0.02,-5.428,-0.00903518989962905,0.157560036541718,0.266164858022929
-0.24899609375,0.9528955078125,-0.001,-0.021,0.265,0.008,-6.104,-0.00579339430361548,0.161643462755423,0.265275612132626
-0.2524609375,0.984037109375,-0.001,-0.048,0.208,0,-6.564,0.00252453425033442,0.16184669048246,0.256269263685843
-0.2620166015625,1.0075869140625,-0.004,-0.092,0.161,0.02,-6.764,0.0110084485770641,0.160743838017839,0.246023684996593
-0.270552734375,1.019064453125,-0.001,-0.128,0.146,-0.032,-6.96,0.0201962492480701,0.159910266244087,0.231023778828009
-0.282572265625,1.0352548828125,-0.001,-0.13,0.219,0.076,-7.376,0.0109409742252171,0.158051083707341,0.254355670673044
-0.28864453125,1.043453125,-0.001,-0.145,0.195,0,-6.936,0.0185644415729394,0.159023431762651,0.239514284690434
-0.3239619140625,1.1041083984375,-0.001,-0.121,0.286,0.04,-7.704,0.0105056623757876,0.158124641472394,0.268251611615252
-0.3539287109375,1.178333984375,-0.001,-0.127,0.303,0,-7.66,0.0137067722807646,0.15920133446062,0.273076011040277
-0.3589912109375,1.1910380859375,-0.001,-0.13,0.332,0.008,-7.66,0.0126399699641632,0.158137938034785,0.27852110156612
-0.3699912109375,1.2201650390625,0.009,-0.079,0.264,0.008,-8.448,0.0113581511277285,0.162315942095442,0.286612089916326
-0.371876953125,1.2287763671875,0.002,-0.063,0.29,0,-8.36,0.00901835257464442,0.162482185298233,0.293711890064922
-0.374484375,1.247033203125,0.003,-0.026,0.236,0,-8.536,0.00789143174870108,0.16515616948154,0.298427388723274
-0.3753505859375,1.2611962890625,-0.001,-0.028,0.286,0.02,-8.184,0.00473610453184279,0.16363125100491,0.308491756713273
-0.376072265625,1.2911494140625,-0.001,-0.009,0.267,0.008,-8.448,0.00417221199604655,0.165163819860861,0.313388673539168
-0.380701171875,1.347376953125,-0.001,-0.06,0.352,0.008,-7.924,0.00603458682613613,0.160813187231005,0.319009506978068
-0.3888134765625,1.3763232421875,-0.004,-0.133,0.329,-0.02,-7.704,0.0137078668517026,0.160623372837048,0.297335334261634
-0.40198828125,1.4069091796875,-0.001,-0.15,0.352,0.04,-7.812,0.0145253875299002,0.156912348923123,0.307403745481514
-0.4179140625,1.4395732421875,-0.001,-0.179,0.318,0.02,-7.112,0.0186021867485062,0.158745156868614,0.29701046736013
-0.4235537109375,1.4492177734375,-0.007,-0.188,0.332,0.076,-7.112,0.0191765384532438,0.155373520267711,0.304398834930959
-0.436583984375,1.4675,0.004,-0.175,0.237,0.1,-7.376,0.0218616414185065,0.159018070814011,0.301653479143837
-0.4522216796875,1.4935927734375,-0.001,-0.092,0.145,0.032,-7.376,0.0231310003973577,0.164700488257137,0.306100738761919
-0.4572919921875,1.5028505859375,-0.001,-0.004,0.053,0.008,-6.872,0.0232033532955492,0.16695429276544,0.315096523613171
-0.453962890625,1.48353515625,-0.004,0.006,-0.159,-0.044,-6.98,0.0245190803684703,0.163566994582682,0.279537638661264
-0.4532314453125,1.446958984375,-0.003,-0.001,-0.267,0.076,-6.784,0.0260487118209747,0.163311677944932,0.274191292942896
-0.452798828125,1.431349609375,-0.001,-0.001,-0.298,0.032,-6.676,0.0263567416782879,0.160198463839948,0.262534122107815
-0.4522216796875,1.4151328125,0.001,0.006,-0.311,-0.012,-7.136,0.0269986370026081,0.157236891883985,0.255208275548536
-0.45135546875,1.3888466796875,-0.001,0.024,-0.437,0,-7.66,0.0283894850227806,0.150201115015727,0.242557804278091
-0.4512109375,1.3728369140625,-0.001,0.006,-0.463,0.008,-7.156,0.0294028535841424,0.148529729665938,0.233539660956606
-0.450921875,1.3658525390625,0.001,0.015,-0.326,-0.012,-7.264,0.029642886086215,0.155156361123608,0.249642191353575
-0.4497578125,1.3200830078125,0.004,0.012,-0.543,0,-6.916,0.0330058364220334,0.139999891371209,0.219098127948139
-0.439046875,1.1643896484375,0.002,0.041,-0.623,0.02,-6.104,0.0461588086016536,0.128707534614146,0.204436664611691
-0.437458984375,1.1303564453125,-0.006,0.022,-0.567,0.032,-5.624,0.0497745715881099,0.133100373794182,0.202713941931038
-0.436439453125,1.083619140625,-0.01,0.017,-0.579,0.032,-5.58,0.0553459362349743,0.129871530486692,0.195779009448601
-0.435861328125,1.01845703125,0.003,-0.011,-0.432,0.064,-4.596,0.0586100586129102,0.139500904933011,0.202318671922943
-0.435861328125,1.0057529296875,-0.001,-0.001,-0.434,0.008,-4.508,0.0610433042398479,0.135022023749332,0.197506943088811
-0.4352841796875,0.981158203125,-0.001,0.016,-0.309,-0.032,-4.748,0.0583860490632275,0.141124828204765,0.208725372256839
-0.4345625,0.9698994140625,-0.005,0.018,-0.26,-0.012,-4.2,0.0557248040560274,0.145531390705489,0.215356866201381
-0.4325322265625,0.9565751953125,-0.01,0.046,-0.193,0.032,-4.552,0.0466499668082422,0.153247199749437,0.232193386370274
-0.430791015625,0.9522763671875,0.001,0.061,-0.127,-0.02,-4.528,0.0433784112470257,0.154897596670656,0.236936140455717
-0.4216767578125,0.9442841796875,0.002,0.114,-0.023,0.04,-4.288,0.0219153349575027,0.166025442032855,0.263857948710661
-0.3636201171875,0.943677734375,-0.001,0.072,0.014,0.04,-3.084,0.0161595093923248,0.165242396913325,0.259214430636753
-0.3196220703125,0.936705078125,-0.001,0.099,-0.025,-0.02,-3.568,0.0130333133510532,0.164401358067766,0.253661156486613
-0.311375,0.9334384765625,-0.001,0.072,-0.036,0.1,-3.304,0.00789668687424919,0.166239302242956,0.259203893860096
-0.307169921875,0.9307666015625,-0.001,0.062,-0.047,0.008,-2.8,0.0169101829939374,0.162690643695842,0.245951677083896
-0.276345703125,0.92851953125,0.005,0.056,-0.001,0.04,-2.668,0.00651039048211562,0.164885888263799,0.252753573816063
-0.2649130859375,0.92851953125,-0.001,0.11,-0.001,0.04,-2.976,-0.00470931043175364,0.167341559211148,0.263174328484413
-0.2498623046875,0.92851953125,-0.001,0.109,-0.001,0.088,-2.82,-0.0109935015330101,0.168213111584492,0.267945354153467
-0.2450888671875,0.92851953125,-0.001,0.088,-0.001,0.032,-2.668,-0.00343953584577667,0.166074274713102,0.258107265139479
-0.2267080078125,0.92851953125,-0.001,0.057,-0.001,0.008,-2.888,0.000842581632889004,0.164299692892102,0.249459126042615
-0.2210595703125,0.9281064453125,-0.001,0.025,-0.015,0.02,-3.216,0.00542273788458531,0.163097373655384,0.242600235743999
-0.2190380859375,0.9012646484375,-0.001,0.006,-0.217,-0.032,-3.588,0.0302043946865173,0.153314080336514,0.209094606785491
-0.2188935546875,0.8295830078125,-0.001,-0.001,-0.378,0.076,-3.852,0.0436853903585416,0.148524688910396,0.196558487185033
-0.2187490234375,0.811572265625,-0.001,0.009,-0.365,0.008,-4.596,0.0480295780703299,0.14477548774129,0.192366898129323
-0.2187490234375,0.7908896484375,-0.001,-0.011,-0.375,0.02,-4.224,0.0534400931564006,0.143685389720097,0.186751913593572
-0.21831640625,0.6967041015625,-0.001,-0.012,-0.321,0,-5.208,0.0627929812824941,0.143182621820981,0.184339264608609
-0.21831640625,0.6512578125,-0.001,-0.004,-0.086,0.02,-5.184,0.0424521756659134,0.15450909731609,0.204469810934108
-0.2181630859375,0.6494111328125,-0.001,-0.001,-0.041,0.008,-5.732,0.0385413874642213,0.1555801121606,0.20756343047744
-0.2180185546875,0.6492041015625,-0.001,-0.001,-0.001,0.04,-5.908,0.031054700395316,0.157307141969452,0.213519268338271
-0.2138310546875,0.5746826171875,-0.001,0.029,-0.363,-0.012,-6.564,0.0754555352871528,0.138021774082145,0.182925968228909
-0.20254296875,0.481517578125,-0.001,-0.001,-0.272,0,-7.484,0.0819507523246225,0.141737989811334,0.18132643130785
-0.20254296875,0.4678056640625,-0.001,0.007,-0.206,0,-7.66,0.0747964635225938,0.145369722129651,0.18604165145339
-0.200810546875,0.450001953125,-0.001,0.02,0.008,0.02,-8.184,0.0462964390166136,0.15412787463047,0.200413284954607
-0.20254296875,0.449794921875,-0.001,-0.04,-0.001,0.008,-7.44,0.0631540176550473,0.150686921194579,0.192161329875391
-0.191408203125,0.402501953125,-0.001,-0.007,-0.261,0,-6.96,0.0910981165429421,0.14096464620269,0.179184576917935
-0.1922744140625,0.39409765625,-0.001,-0.033,-0.262,-0.02,-7.22,0.100517008770184,0.138343862614649,0.174311858106272
-0.1938623046875,0.384685546875,-0.001,-0.058,-0.293,-0.02,-7.024,0.11095174476616,0.134928548875283,0.168867240014255
-0.2044287109375,0.3443515625,-0.001,-0.138,-0.427,-0.02,-7.704,0.14900675948497,0.119283441476407,0.149049816672527
-0.211666015625,0.3275673828125,-0.001,-0.197,-0.428,-0.012,-7.024,0.163872054249217,0.115600549666418,0.139648348642405
-0.229306640625,0.28843359375,-0.001,-0.201,-0.436,0.008,-7.924,0.172321948890424,0.11186844905954,0.141901608315787
-0.237265625,0.271443359375,-0.001,-0.206,-0.469,0,-7.836,0.180877402980624,0.106156806715636,0.139800476480891
-0.2429140625,0.2589580078125,-0.001,-0.184,-0.449,0.008,-8.228,0.176495390228391,0.108080874770885,0.145938037924867
-0.2542021484375,0.221271484375,0.002,-0.065,-0.332,0,-9.28,0.14577783916333,0.119928573298742,0.169639702106834
-0.259841796875,0.1565361328125,-0.001,-0.06,-0.201,0,-9.628,0.139507631700479,0.12598493968066,0.176071183912406
-0.264046875,0.1495634765625,-0.001,-0.124,-0.176,0.02,-9.784,0.151290259727683,0.12351238199408,0.172099505476847
-0.2730166015625,0.1428115234375,-0.001,-0.201,-0.159,-0.02,-9.456,0.174267520591914,0.115523853791755,0.16359601528923
-0.2958818359375,0.13440625,-0.007,-0.247,-0.078,0.064,-10.068,0.170124570947756,0.116479312725412,0.167170939049971
-0.31123046875,0.1278603515625,0.001,-0.235,-0.156,0.008,-10.592,0.185002472273776,0.107227699417023,0.162045261804067
-0.32077734375,0.12108203125,-0.001,-0.185,-0.144,0.008,-10.636,0.174095209892433,0.109818821417175,0.168229053498129
-0.3317763671875,0.11227734375,-0.001,-0.156,-0.107,0.008,-11.272,0.165283173857073,0.11195857560186,0.172668553305489
-0.3440849609375,0.1093984375,0.006,-0.137,-0.007,-0.012,-10.788,0.152423408168296,0.115398967686985,0.177006057904064
-0.3488583984375,0.1093984375,-0.001,-0.114,-0.001,0,-11.468,0.145472491310458,0.117693655043301,0.178991241070817
-0.3779580078125,0.1096044921875,-0.001,-0.011,-0.001,-0.032,-11.204,0.127656448375695,0.121790779599499,0.183249415723007
-0.377669921875,0.15284375,-0.001,-0.007,0.316,-0.012,-10.768,0.0774332078595012,0.134968890927014,0.191021685334742
-0.377380859375,0.162681640625,-0.001,0.009,0.344,0,-11.292,0.0668773525074675,0.137283050358916,0.192423567842228
-0.376650390625,0.1889033203125,-0.001,0.01,0.378,0.008,-11.032,0.0578869457472137,0.138657378369107,0.195240918810434
-0.376072265625,0.21,-0.001,0.004,0.422,0.04,-10.636,0.0468845228725834,0.138553812649979,0.198920502580768
-0.3753505859375,0.23703515625,-0.001,0.006,0.462,0.032,-10.396,0.0390644592103665,0.139422850386935,0.202204601402367
-0.37375390625,0.26427734375,-0.001,0.028,0.444,0.032,-10.504,0.0327326142673093,0.143104830413609,0.204404036323525
-0.3711552734375,0.3265341796875,-0.001,-0.001,0.315,0,-9.192,0.054204629784307,0.143674982384495,0.203804504510106
-0.362609375,0.3568359375,-0.001,0.094,-0.009,0,-8.688,0.0677591350775013,0.145710441244059,0.198973511014384
-0.3468369140625,0.226396484375,-0.001,-0.077,-0.123,0.02,-9.456,0.133472170207246,0.121497305042916,0.177112124121314
-0.3669501953125,0.212052734375,0.009,0.015,-0.061,0.088,-10.112,0.100083118099868,0.133834244035333,0.188295008957357
-0.3644951171875,0.236015625,-0.001,0.039,0.253,-0.012,-10.616,0.0629075867126025,0.143309579819656,0.195563531463093
-0.36304296875,0.248513671875,-0.001,0.032,0.343,0,-10.68,0.0494892346694128,0.144125592887577,0.199159708702943
-0.360876953125,0.314255859375,-0.001,-0.008,0.596,-0.02,-9.784,0.021926618097052,0.139471021711467,0.212672533477683
-0.360732421875,0.3195751953125,-0.001,0.006,0.604,-0.012,-9.804,0.0157449988361337,0.140504060295723,0.213981530207402
-0.360732421875,0.4064013671875,-0.001,-0.001,0.653,0.02,-9.476,-0.000277930884045098,0.139633605649079,0.227692710440843
-0.360876953125,0.4375166015625,-0.001,-0.008,0.657,-0.032,-9.324,0.00470088773944765,0.141945184470664,0.229387273342326
-0.3604443359375,0.4667861328125,-0.001,0.01,0.585,0.008,-9.06,0.00164002125805714,0.145752958818491,0.232314009783844
-0.359712890625,0.5138720703125,-0.001,0.012,0.463,0.008,-9.128,0.0121507368898512,0.150780093851813,0.231804652406275
-0.3594248046875,0.535162109375,-0.001,0.015,0.385,-0.032,-8.712,0.0238699721146277,0.153277146131535,0.227470394564434
-0.3571142578125,0.58062109375,-0.001,-0.002,0.198,0.032,-8.36,0.0381734034764404,0.153078162728735,0.221974246217453
-0.3565283203125,0.6035517578125,-0.001,0.009,-0.011,0.02,-8.448,0.0579939497592485,0.149476344110999,0.208893707526253
-0.36840234375,0.6035517578125,-0.001,-0.011,-0.001,-0.012,-9.016,0.0660733858024411,0.146326226508663,0.204190384159445
-0.36840234375,0.5578984375,-0.007,-0.01,-0.227,0.008,-8.712,0.0917492443568933,0.133164675832665,0.186044199939401
-0.3963388671875,0.5521533203125,-0.001,-0.194,0.312,0.02,-9.564,0.0769125050373909,0.133568994868432,0.202078081561264
-0.4024208984375,0.564650390625,-0.001,-0.208,0.409,0.02,-9.5,0.0692677991219876,0.131358638641412,0.209287277905381
-0.4111103515625,0.585333984375,-0.001,-0.221,0.572,0.008,-9.324,0.0556423537713466,0.126297270612031,0.221747761184895
-0.4263056640625,0.6230078125,-0.001,-0.283,0.703,0.04,-8.796,0.0518705107788609,0.113194014217068,0.22898866558163
-0.4352841796875,0.6436787109375,-0.01,-0.304,0.734,-0.012,-9.236,0.057854297478671,0.112294662367629,0.22519960183896
-0.453087890625,0.6883115234375,-0.001,-0.31,0.783,0.02,-9.388,0.049871827795282,0.10775164732341,0.234684230068119
-0.474662109375,0.739904296875,0.003,-0.307,0.662,0.008,-9.344,0.0592576214323975,0.116666614309761,0.228182916038632
-0.491744140625,0.77369140625,0.001,-0.365,0.693,0.052,-8.84,0.0628638468078743,0.107461101929329,0.226418201614311
-0.5053603515625,0.796828125,-0.003,-0.325,0.499,0.008,-9.256,0.0747642053388805,0.122331260025823,0.212475067946357
-0.5156376953125,0.8111591796875,0.007,-0.341,0.392,0.04,-9.456,0.082322622028221,0.12308246251685,0.202132852235316
-0.565736328125,0.84966015625,0.005,-0.319,0.113,0,-9.412,0.101706968817094,0.123867057794669,0.171378816532775
-0.5781884765625,0.8500732421875,-0.004,-0.301,-0.051,0.02,-9.98,0.109086481362097,0.120573663958632,0.157536441635472
-0.587744140625,0.8500732421875,-0.01,-0.316,-0.037,-0.02,-9.432,0.112980136829441,0.118198929520619,0.150547366320616
-0.6177197265625,0.84966015625,0.006,-0.303,-0.014,0.04,-9.828,0.110924582082913,0.117345115221405,0.164350399103049
-0.6417578125,0.8482265625,-0.001,-0.234,-0.043,0,-9.432,0.111003309602066,0.11709006824441,0.172244407227262
-0.65377734375,0.84289453125,-0.001,-0.187,-0.125,-0.044,-9.104,0.114305319333404,0.112190308814328,0.168442825276811
-0.66000390625,0.8365546875,-0.001,-0.155,-0.171,0.02,-9.564,0.111744130301147,0.11432568313682,0.177517711730901
-0.6707236328125,0.8111591796875,-0.001,-0.081,-0.3,0.02,-9.696,0.113573935196481,0.107828411308788,0.179294613103845
-0.6728984375,0.7978486328125,-0.001,-0.053,-0.358,0.008,-9.388,0.114888362554579,0.102925292496113,0.17807096872368
-0.6747744140625,0.7607939453125,-0.001,0.011,-0.441,0.008,-9.412,0.11460990852677,0.0975494925346099,0.183117540837041
-0.674341796875,0.6989501953125,-0.001,-0.009,-0.421,0.04,-10.112,0.121770063076389,0.0955121172079499,0.180068730398821
-0.674341796875,0.6424521484375,-0.001,-0.001,-0.314,0.032,-10.044,0.121436870710787,0.101358023206588,0.18697303552526
-0.671734375,0.6037578125,-0.001,0.017,-0.221,-0.02,-9.872,0.119593082989595,0.104757889590518,0.191448518469598
-0.6714453125,0.59842578125,-0.001,0.01,-0.188,0.052,-10.112,0.113989587795809,0.112780719171884,0.197764527350107
-0.6714453125,0.5814345703125,-0.001,-0.001,-0.001,0.008,-10.024,0.10521665776087,0.121139770311113,0.205581518126377
-0.6733310546875,0.5847138671875,0.009,0.039,0.146,0.02,-11.184,0.0825486753855555,0.137231910141621,0.222887694534132
-0.662755859375,0.6631357421875,-0.001,0.087,0.823,0.02,-10.768,-0.0126031884622788,0.155215595624682,0.28045212882938
-0.65942578125,0.69691015625,0.006,0.082,0.832,0.04,-10.156,-0.016143212797982,0.154966563743848,0.288351633507613
-0.6559521484375,0.7380576171875,-0.009,0.078,0.797,0,-10.548,-0.00827371810700809,0.155516521773395,0.290745899004798
-0.652333984375,0.7755380859375,-0.012,0.076,0.719,-0.02,-9.5,0.00226840203816453,0.15812571500433,0.291081381889925
-0.6495810546875,0.7953955078125,-0.001,0.093,0.66,0.02,-9.564,0.000557101549225976,0.162731289986176,0.295556570821233
-0.6411806640625,0.8291826171875,0.003,0.145,0.388,0.04,-9.104,0.0170637556804298,0.172477558298362,0.289037829308414
-0.6335107421875,0.8408544921875,-0.001,0.205,0.246,0.02,-9.324,0.0213273938507388,0.177219290713179,0.285731356626486
-0.606576171875,0.8492470703125,-0.001,0.24,-0.005,-0.032,-8.38,0.0397180644595639,0.167448961505216,0.268319786929963
-0.553283203125,0.83122265625,-0.001,0.285,-0.17,0.04,-9.168,0.0318188086286918,0.167444037675688,0.265746073338387
-0.525048828125,0.8125927734375,-0.001,0.284,-0.206,0.008,-9.432,0.0340328322383131,0.162405157515778,0.258310633332217
-0.5026083984375,0.794775390625,-0.001,0.281,-0.258,0,-9.584,0.0370665079327051,0.157352935539698,0.251580007891442
-0.470033203125,0.7663193359375,-0.001,0.299,-0.245,0.02,-9.476,0.0271532062174787,0.162111561575201,0.252789847562576
-0.4157392578125,0.731705078125,-0.001,0.314,-0.131,0.04,-9.564,0.00345477073872692,0.173111133813979,0.257748456076029
-0.4041533203125,0.7276123046875,-0.001,0.291,-0.101,-0.02,-9.956,0.00972500317923163,0.169071929531643,0.252632439214803
-0.3733203125,0.725572265625,-0.001,0.277,-0.001,0.008,-9.696,-0.00653139730542652,0.174638176678567,0.258048605360505
-0.361166015625,0.725572265625,-0.001,0.233,-0.001,0.04,-9.06,-0.00234589202527249,0.172175509617485,0.254887840372832
-0.3464033203125,0.725572265625,-0.001,0.16,-0.001,0.02,-9.388,0.013167596370276,0.165625221580609,0.243903769639913
-0.336703125,0.7257666015625,-0.001,0.071,-0.001,-0.012,-8.972,0.0331955097449036,0.158197076947323,0.227916400523408
-0.3303330078125,0.731705078125,-0.001,0.038,0.08,0.008,-9.52,0.027994057656532,0.159288445870604,0.231728263328152
-0.32671484375,0.7415302734375,-0.001,0.047,0.121,-0.012,-9.672,0.0226272140661522,0.16070922941844,0.236095159621767
-0.3181689453125,0.7788046875,-0.001,-0.001,-0.013,-0.056,-9.5,0.0444091232037629,0.15403956649273,0.215233036213417
-0.3194775390625,0.7640732421875,-0.001,-0.03,-0.109,-0.012,-10.372,0.055444785578758,0.149491693094653,0.203088209634063
-0.355517578125,0.725572265625,-0.001,-0.165,-0.109,0.02,-10.044,0.0840076074779873,0.139308285929851,0.175749670770692
-0.4074833984375,0.655556640625,-0.001,0.003,-0.276,0,-11.404,0.0875468293168097,0.131227823023944,0.188884446800496
-0.3782470703125,0.4897158203125,-0.001,0.135,-0.072,0.032,-9.76,0.0504056193246459,0.152381284244027,0.21181396611176
-0.36840234375,0.4874560546875,-0.001,0.184,-0.016,0.032,-9.148,0.0309125151262311,0.159896281477115,0.218351196818277
-0.3482802734375,0.4874560546875,-0.001,0.205,-0.016,0.008,-9.104,0.0255058295276565,0.161221473584541,0.218968027294966
-0.340177734375,0.4876630859375,-0.001,0.199,0.015,0.04,-9.168,0.0179320381505616,0.163532621847262,0.221053697567043
-0.2526142578125,0.4874560546875,-0.001,0.185,-0.001,0,-9.368,0.0140192684427785,0.161885038229035,0.217697733446339
-0.2440693359375,0.4874560546875,-0.001,0.157,-0.001,0,-8.644,0.0195107148932324,0.160294323314603,0.21537418404913
-0.22265625,0.4874560546875,-0.001,0.119,-0.016,0.008,-8.712,0.0262337214143224,0.158386089988865,0.211558412248296
-0.1772236328125,0.449794921875,-0.001,0.045,-0.001,0.04,-7.508,0.0353702716377583,0.156503747125974,0.203655096288713
-0.170130859375,0.4835703125,-0.002,-0.001,0.22,-0.012,-9.916,0.0209001339100604,0.156023256362426,0.211563914812347
-0.170275390625,0.4946220703125,-0.001,-0.003,0.235,0.04,-9.696,0.0123533318397023,0.15542664678672,0.216608226241647
-0.170564453125,0.5116259765625,-0.001,-0.007,0.263,0.064,-9.04,0.00568760415636126,0.154625887195356,0.221336340468663
-0.171439453125,0.589220703125,-0.001,0.008,0.351,0.008,-8.096,-0.00870255520408807,0.155333641537415,0.233243767567554
-0.1738935546875,0.63447265625,-0.001,-0.03,0.397,0.008,-7.42,-0.00781111444852191,0.152897287123084,0.237533345341835
-0.175923828125,0.66026953125,-0.001,-0.032,0.472,0.02,-7.22,-0.0179708233714705,0.149579049025264,0.247095291967256
-0.17808984375,0.691177734375,-0.001,-0.033,0.468,0.04,-6.696,-0.0209957445767126,0.149253820756717,0.25218116253058
-0.1796865234375,0.7220869140625,-0.001,-0.027,0.437,0,-6.892,-0.0172185730222264,0.152981165001832,0.251058826728153
-0.1802646484375,0.7392841796875,-0.001,-0.008,0.425,0.032,-7.068,-0.0244757266908823,0.153223243461348,0.257588552916852
-0.1804091796875,0.7906826171875,-0.001,-0.001,0.301,0.02,-6.804,-0.0158009394489683,0.15874794073374,0.253297755281999
-0.1802646484375,0.8029736328125,-0.001,-0.001,0.207,-0.012,-6.936,-0.0045407512538288,0.161118788768584,0.242932839398641
-0.1802646484375,0.806447265625,-0.001,-0.001,0.178,0.052,-6.872,-0.00789924289570383,0.160908400970537,0.246723584784565
-0.1798310546875,0.8132119140625,-0.001,0.01,0.071,0.032,-6.916,0.00138364044870372,0.162001407814447,0.237069411497644
-0.179109375,0.8136123046875,-0.001,0.01,-0.009,0.008,-6.5,0.010934402874728,0.160928026132934,0.226922718927435
-0.161017578125,0.7759384765625,-0.001,0.045,-0.101,0.02,-7.068,0.0126788865029695,0.159909976503667,0.222329604852515
-0.1569658203125,0.768166015625,-0.001,0.022,0.012,0.032,-6.564,0.00483636729071045,0.161455967482334,0.22887488520297
-0.145533203125,0.768166015625,-0.001,0.098,-0.001,-0.02,-6.348,-0.0057590951379909,0.162830528347604,0.236243150545303
-0.140615234375,0.768166015625,-0.001,0.131,-0.001,0,-6.764,-0.0155562882610132,0.164064881054811,0.243229812318731
-0.1346875,0.768166015625,-0.001,0.153,0.008,0,-6.892,-0.0222241866446229,0.164730182433496,0.247372825723611
-0.0915732421875,0.768166015625,-0.001,0.102,-0.001,-0.012,-5.536,-0.0162066305583194,0.162435573019688,0.237559549664529
-0.0840478515625,0.768166015625,-0.001,0.106,-0.001,0.02,-5.492,-0.0216129443556924,0.162660491721402,0.240866351670073
-0.07999609375,0.768166015625,-0.001,0.137,-0.001,0.008,-6.324,-0.0276080781646845,0.162991156494598,0.244811838608833
-0.0549833984375,0.766939453125,-0.001,0.072,-0.043,0,-5.448,-0.0127257389897361,0.161103529242453,0.229715234951172
-0.0341484375,0.658216796875,-0.001,0.065,0.082,0.02,-5.8,-0.0208028175603587,0.160395602877739,0.229059999343769
-0.0263427734375,0.6702880859375,-0.001,0.089,0.156,0.02,-5.428,-0.0369711562531611,0.159210954103103,0.239143043275543
-0.017517578125,0.6829794921875,-0.001,0.151,0.209,-0.012,-5.972,-0.0566069695548762,0.15861642200913,0.249711726733442
-0.01042578125,0.692404296875,-0.001,0.178,0.221,0.064,-6.148,-0.074849697729065,0.155813921853321,0.259929400117351
0.0012861328125,0.7073427734375,-0.001,0.201,0.245,0.04,-5.56,-0.0833685475384285,0.154734653649346,0.264424857145084
0.02544140625,0.7413369140625,-0.001,0.177,0.272,0.076,-5.472,-0.0895247643520833,0.15023934051422,0.272056144725184
0.0592705078125,0.77369140625,-0.001,0.15,0.07,0.008,-5.144,-0.0609694372935123,0.156504354332236,0.253159959621438
0.0672197265625,0.775125,-0.001,0.112,0.013,0,-4.596,-0.0470787339842404,0.157450328607422,0.242159014705392
0.080529296875,0.775125,-0.001,0.099,-0.001,0.076,-4.464,-0.0526232893762559,0.156547971712114,0.2454906869277
0.083994140625,0.7753310546875,-0.001,0.06,0.015,0.02,-4.42,-0.0412217332154848,0.157320192100275,0.235402645054055
0.0850048828125,0.775125,-0.001,0.029,-0.008,0.008,-4.64,-0.0316952185467107,0.158176644404585,0.226747269696759
0.085447265625,0.77491796875,-0.001,0.01,-0.014,0.008,-4.552,-0.0274900010738913,0.158532113967057,0.222691892517163
0.0835615234375,0.7827041015625,-0.001,-0.035,0.002,0.02,-3.98,-0.0221517190280088,0.159006699476924,0.217630126733252
0.0819736328125,0.7827041015625,-0.001,-0.046,-0.001,-0.02,-4.288,-0.0160130431054718,0.159536865944305,0.211259870186135
0.089201171875,0.7663193359375,-0.001,0.21,-0.073,0.04,-3.216,-0.0658783143617893,0.155023794601015,0.252549348987532
0.102357421875,0.7632470703125,0,0.282,-0.067,-0.012,-3.216,-0.0787612886613452,0.152637903547913,0.259014142583991
0.133298828125,0.756701171875,-0.001,0.336,-0.091,0.052,-2.472,-0.100384803964072,0.148258753986312,0.267103677677183
0.158744140625,0.7472763671875,-0.001,0.354,-0.174,0.02,-2.712,-0.0936322187866172,0.145662596623113,0.261475609704891
0.1783974609375,0.7370380859375,-0.001,0.42,-0.228,0.032,-1.792,-0.106190921851074,0.141050297503509,0.265532655015807
0.19863671875,0.722900390625,-0.001,0.395,-0.3,0.008,-1.596,-0.0899693843686989,0.13945051492752,0.256444218180947
0.2256708984375,0.6977236328125,-0.001,0.366,-0.416,0.02,-1.508,-0.0719729026452904,0.137081243366804,0.245068742812001
0.25283203125,0.66353515625,-0.001,0.369,-0.538,0.02,-1.092,-0.0582601143389086,0.132006399514772,0.237043114318294
0.2739287109375,0.62812109375,-0.001,0.346,-0.626,0.02,-1.224,-0.0418499590833818,0.129512197705284,0.227434804497236
0.2964775390625,0.5804150390625,-0.001,0.34,-0.685,0,-1.004,-0.0293804171937979,0.126480417874785,0.220531223609635
0.3154091796875,0.537421875,-0.001,0.291,-0.689,0.02,-0.196,-0.0184850075414547,0.131674163699069,0.210954299796227
0.32624609375,0.5077392578125,-0.001,0.275,-0.75,0.008,-0.128,-0.00424894302490047,0.129968773296419,0.205256218480975
0.3312998046875,0.4936015625,-0.001,0.255,-0.71,0.02,0.02,-0.00528675932013172,0.134732188485476,0.202931534546249
0.3405390625,0.463712890625,-0.001,0.224,-0.76,0,-0.04,0.0123095345178129,0.134672522894891,0.195552441158645
0.3486337890625,0.43484375,-0.001,0.2,-0.737,0.052,-0.084,0.0108164474406979,0.141861916668955,0.193199240610196
0.3690078125,0.3654345703125,-0.001,0.186,-0.651,0,-0.24,0.014622896508732,0.147670306254592,0.190625344698387
0.381857421875,0.2540390625,-0.001,-0.025,-0.411,-0.012,0.852,0.0445758316208541,0.177786741710549,0.170383648799367
0.3770927734375,0.227830078125,-0.001,-0.076,-0.278,-0.02,0.568,0.0440277804146925,0.183497546485222,0.169448205214342
0.371318359375,0.217384765625,-0.001,-0.135,-0.186,-0.02,0.612,0.0479485819678966,0.187708066740169,0.166714436588355
0.3539755859375,0.209173828125,-0.001,-0.231,-0.043,0.008,-0.436,0.053018102742485,0.190472169315994,0.164545423835751
0.3402509765625,0.2087607421875,-0.001,-0.299,-0.001,0.02,0.284,0.064673391829334,0.19302777694856,0.159594288204847
0.3275458984375,0.208966796875,-0.001,-0.325,0.006,0,-0.26,0.074194814147937,0.194597622241392,0.155297889733048
0.284486328125,0.208966796875,-0.001,-0.238,-0.011,0.02,-1.244,0.0625663044234115,0.185394731027281,0.166321395745431
0.2700302734375,0.2087607421875,-0.001,-0.178,-0.011,-0.032,-1.444,0.0574092489532495,0.182215025725246,0.170145464421955
0.26424609375,0.2087607421875,-0.001,-0.142,-0.001,0.04,-2.032,0.0399416620634264,0.176910478844786,0.177607862755162
0.2492314453125,0.2083603515625,-0.001,-0.095,-0.001,0.032,-1.792,0.0320634642747286,0.173597893645183,0.181040257738556
0.2457578125,0.2083603515625,-0.001,-0.064,-0.001,0.02,-1.988,0.0264429075074143,0.171915971426632,0.182789080902354
0.2428701171875,0.2083603515625,-0.001,-0.023,-0.001,0.04,-2.384,0.014146524291058,0.168658124181987,0.186099964347146
0.2407041015625,0.2083603515625,-0.001,-0.023,-0.001,0,-2.164,0.0195439568986043,0.169862290103586,0.184769391531473
0.202255859375,0.198728515625,-0.001,-0.083,-0.036,0.04,-2.58,0.0419226056665969,0.17236067040713,0.180844673514082
0.197482421875,0.197708984375,-0.001,-0.126,-0.026,-0.02,-2.516,0.059810524375795,0.17536745066439,0.175255268483769
0.18187109375,0.1907373046875,-0.001,-0.016,-0.05,-0.012,-4.484,0.0380156971945763,0.169737522619723,0.183110465320423
0.1765205078125,0.1903369140625,-0.001,-0.099,0.014,0.02,-4.068,0.047596809329127,0.171290966147731,0.180733697710821
0.171169921875,0.19054296875,-0.001,-0.143,-0.004,-0.032,-4.312,0.0682972658553599,0.174508206948385,0.174295018311516
0.16480859375,0.1913564453125,-0.001,-0.222,0.014,0.02,-4.156,0.0799585287614988,0.175803830535528,0.169986133523618
0.1479072265625,0.1944296875,-0.001,-0.316,0.077,0,-4.048,0.0997422242792578,0.176595931682316,0.161965193946534
0.125060546875,0.2020078125,-0.001,-0.418,0.155,0.02,-3.896,0.115405946527852,0.174094289207274,0.155604383806387
0.1081416015625,0.210400390625,-0.001,-0.422,0.222,0.008,-4.944,0.112141849418079,0.169896260648928,0.158932934750479
0.0675087890625,0.2401083984375,-0.001,-0.475,0.401,0,-5.404,0.109965713561494,0.157338355896216,0.164374873012845
0.003595703125,0.3126162109375,-0.001,-0.4,0.557,0.04,-5.844,0.0737337150947927,0.13716928792242,0.18798843843413
-0.087810546875,0.490529296875,-0.001,-0.061,0.173,0.02,-7.264,0.0236923525506412,0.156319696172943,0.204619305680931
-0.0912841796875,0.5153046875,-0.001,-0.01,0.074,0.032,-6.96,0.0195782274184969,0.158474046194516,0.206531274263766
-0.0912841796875,0.520017578125,-0.001,-0.001,0.075,0.088,-7.004,0.0105455133951305,0.158713904394579,0.212148455457008
-0.0911396484375,0.541927734375,-0.001,-0.001,0.08,0.02,-7.2,0.0152007194846057,0.158913112029193,0.209287754255532
-0.1229658203125,0.57304296875,-0.001,0.003,-0.224,-0.012,-6.588,0.0535945916818348,0.151136820607783,0.187852797746902
-0.119203125,0.5310693359375,-0.001,0.024,-0.281,-0.012,-5.932,0.0602201703761147,0.148433883942209,0.185726618711961
-0.0623466796875,0.4274853515625,-0.001,0.029,-0.001,-0.032,-5.58,0.0325463621194685,0.158572611616032,0.196721203976396
-0.0487568359375,0.4061943359375,-0.001,-0.219,-0.001,0,-5.1,0.0866393639550781,0.156321105711298,0.165343710488147
-0.0607578125,0.4061943359375,-0.001,-0.317,0.01,0.02,-5.776,0.105732253205751,0.154210057852277,0.151833384169387
-0.0794189453125,0.4061943359375,-0.001,-0.403,-0.001,0,-5.996,0.128131462161159,0.150714174757065,0.133170456523335
-0.09967578125,0.40578125,-0.001,-0.534,-0.026,0,-5.296,0.155468245555846,0.145644654051572,0.103686629930723
-0.131357421875,0.4061943359375,-0.001,-0.695,-0.001,0.032,-6.104,0.178249543675193,0.138316059276504,0.073746807701244
-0.1873564453125,0.4098740234375,-0.001,-0.868,0.061,0.008,-7.88,0.200630549657165,0.124995902682563,0.0359776481392749
-0.2241005859375,0.4143798828125,-0.001,-0.945,0.127,0.088,-8.404,0.20546453151249,0.11513136893337,0.0350991598334314
-0.26390234375,0.4194931640625,-0.001,-1.012,0.157,-0.032,-8.316,0.214871961725466,0.10717047938129,0.00556661812681035
-0.3594248046875,0.441609375,-0.001,-1.111,0.335,0.04,-9.412,0.21744781168052,0.0797961025161274,0.0100544903087959
-0.4050283203125,0.455734375,0.009,-1.119,0.401,0,-11.096,0.215351879558127,0.0682023507153439,0.0101533267311386
-0.4276142578125,0.462693359375,-0.012,-1.137,0.353,0.052,-10.724,0.21848317338926,0.0676082510991566,0.00475897144042159
-0.513896484375,0.50159375,-0.01,-1.058,0.54,0,-12.148,0.204836908097093,0.0484499405073798,0.0390846944687115
-0.5542939453125,0.5228837890625,-0.006,-1.005,0.579,0.008,-12.672,0.195650197771019,0.0419002990093485,0.0571136516189083
-0.70780078125,0.6260810546875,-0.001,-0.68,0.461,0.02,-14.14,0.16049770154285,0.0535014578721607,0.123339632606156
-0.78976953125,0.679919921875,-0.001,-0.503,0.296,0,-13.484,0.152624663909115,0.0654441949667857,0.143433584567654
-0.86059375,0.7048896484375,-0.001,-0.39,0.047,-0.02,-14.14,0.158646992223366,0.06147676481123,0.137616352061067
-0.8791376953125,0.7069423828125,0.001,-0.358,0.033,0.02,-14.052,0.155558693390874,0.063092451845826,0.148178550077904
-0.91825390625,0.7104150390625,0.01,-0.355,0.035,0.052,-13.548,0.155205085350598,0.0590268920136739,0.153220740717909
-0.932591796875,0.7118486328125,-0.009,-0.352,0.037,-0.02,-13.984,0.160117786516363,0.0545726866379147,0.145302198002788
-0.9485185546875,0.7136943359375,-0.008,-0.316,0.053,0.008,-13.984,0.155771428064356,0.0584664363928257,0.158699528404834
-0.9612685546875,0.715734375,0.01,-0.314,0.045,0.052,-13.504,0.153346427804276,0.0583789939280185,0.163804638240181
-0.97792578125,0.7196337890625,0.008,-0.275,0.069,0.02,-13.636,0.151046057793623,0.0609190995798408,0.17154293026703
-0.9947177734375,0.7251591796875,-0.001,-0.2,0.086,0.04,-14.228,0.143574052684368,0.0715408697352655,0.19149652527404
-0.9995009765625,0.728025390625,0.002,-0.156,0.088,0.008,-14.248,0.140986992152554,0.0758674632630836,0.197352090048516
-1.0042744140625,0.73273828125,-0.001,-0.122,0.123,0.108,-14.4,0.129966804737589,0.0891385401446421,0.218330170190795
-1.0099228515625,0.7405107421875,-0.001,-0.082,0.129,0.076,-14.116,0.127172357381668,0.0943120876349512,0.223372111842165
-1.0142724609375,0.758546875,-0.001,-0.008,0.169,-0.012,-14.052,0.121571620641786,0.104844663665395,0.233236387720538
-1.014416015625,0.7765576171875,-0.001,-0.001,0.211,0.04,-14.184,0.113291594991947,0.113458737251593,0.245151623260509
-1.014849609375,0.7962080078125,-0.004,-0.011,0.21,-0.02,-13.484,0.118032486149761,0.108982162934563,0.239901959670751
-1.014705078125,0.8228310546875,0.003,0.017,0.244,0,-13.876,0.110097919609565,0.119094218690894,0.253156051588403
-1.014705078125,0.8328623046875,-0.001,-0.011,0.234,0.02,-13.856,0.112017407174032,0.115169799276305,0.250390461593842
-1.014994140625,0.9123427734375,0.007,-0.001,0.197,0.032,-13.24,0.110403401941058,0.119888315499065,0.259625760379176
-1.0112314453125,0.933232421875,-0.001,0.068,0.073,0.088,-12.52,0.10751480696677,0.127958510411302,0.268358260198014
-1.001810546875,0.935078125,0.006,0.176,-0.001,0.064,-12.652,0.101040154821198,0.140164858266521,0.278801260096378
-0.98805859375,0.935078125,-0.001,0.259,-0.004,0.04,-12.52,0.0909220102085431,0.153242722561781,0.290244661992116
-0.9725654296875,0.933025390625,-0.001,0.324,-0.053,0.04,-12.432,0.0837900823632431,0.161707061822088,0.296204163354975
-0.95358984375,0.9275,-0.001,0.389,-0.12,0,-12.672,0.0786489579161314,0.164309843870324,0.297240926464611
-0.9405595703125,0.9219609375,-0.001,0.452,-0.193,0.076,-11.536,0.0685287894585299,0.176896843308395,0.30567385831441
-0.919986328125,0.9127421875,-0.01,0.507,-0.252,0,-13.656,0.0633817418433364,0.172614320832962,0.30329494615806
-0.8814560546875,0.89040625,-0.002,0.528,-0.357,0.02,-12.432,0.0583097028554672,0.168947057544807,0.298282229804276
-0.8574091796875,0.8760751953125,-0.007,0.626,-0.372,0.02,-13.964,0.0392628587200287,0.185570102883024,0.307061247131204
-0.810189453125,0.8492470703125,0.011,0.405,-0.103,0.032,-5.644,0.0503159422221434,0.180783935913058,0.289319028848092
-0.7988916015625,0.846380859375,-0.01,0.3,-0.044,0.02,-7.812,0.0605110779977351,0.166553027660302,0.277459843424546
-0.7932431640625,0.8453603515625,0.001,0.281,-0.059,0.008,-9.168,0.0650480045148047,0.162268919386794,0.272878486455762
-0.7563193359375,0.847,0.001,0.371,0.026,0.02,-9.672,0.0356225960619157,0.186756914906532,0.291655594397432
-0.7234384765625,0.85333984375,-0.008,0.314,0.102,0.052,-8.316,0.0287642747252922,0.185484961856705,0.293096454026073
-0.7147490234375,0.8562060546875,-0.001,0.291,0.094,0.02,-8.688,0.0352946266256952,0.180366152544375,0.287994997989444
-0.6660947265625,0.8727958984375,-0.001,0.224,0.073,0.008,-7.484,0.0410866969698582,0.170940999793445,0.278706193012456
-0.651169921875,0.87648828125,-0.001,0.197,0.036,0.008,-7.352,0.0463728473591142,0.165969251212477,0.271905994742648
-0.5896298828125,0.8811884765625,-0.001,0.178,0.002,-0.02,-6.764,0.0445998503848536,0.162980176370015,0.264039573046242
-0.581373046875,0.8816015625,-0.001,0.171,0.004,0.088,-6.632,0.0353279065204529,0.168471596262733,0.272833521557407
-0.565158203125,0.883861328125,-0.001,0.068,0.016,0.04,-7.2,0.052486239667027,0.156378690319407,0.251308895444362
-0.5631279296875,0.883447265625,-0.001,0.053,-0.015,0.032,-6.98,0.0576408515756592,0.153220805829605,0.244472422398989
-0.5583544921875,0.882220703125,-0.001,0.011,0.002,0.032,-6.936,0.0620116833472645,0.150249075031909,0.237763243557856
-0.557921875,0.882220703125,-0.001,-0.001,-0.001,0.008,-7.004,0.0656303717614354,0.147996670127588,0.232503894071518
-0.542861328125,0.88139453125,-0.001,0.077,-0.001,0.108,-7.616,0.0441278340261186,0.160567862661072,0.258030285557201
-0.5347490234375,0.88139453125,-0.001,0.063,-0.001,0.008,-8.164,0.0525260655162667,0.155178120296448,0.245183123794204
-0.520853515625,0.8809951171875,-0.001,0.021,-0.014,0.032,-8.624,0.0561524435497579,0.152636369673904,0.237975409121091
-0.5085458984375,0.8811884765625,-0.001,0.02,-0.001,-0.032,-8.644,0.0582501783596351,0.151046743834189,0.232647713100814
-0.5002890625,0.8889736328125,-0.001,0.052,0.052,0.02,-9.828,0.0430843701308235,0.15874118793361,0.25046483499099
-0.4714775390625,0.9076171875,-0.001,0.05,0.028,-0.032,-10.352,0.0438959006412655,0.157611606222229,0.244611978561049
-0.32019921875,0.9250341796875,-0.001,-0.006,-0.02,0.088,-9.388,0.0222186158157923,0.16172712450859,0.242754508375862
-0.3193330078125,0.964154296875,-0.001,-0.001,0.221,0.032,-9.432,0.003364705291229,0.163207881676928,0.268533869623321
-0.3206328125,1.0237763671875,-0.001,-0.037,0.21,0.008,-9.212,0.00904790759237328,0.162492635500487,0.264606307659278
-0.365650390625,1.069068359375,-0.001,-0.331,0.124,-0.02,-8.228,0.0480343180707987,0.15256851119901,0.183832166555241
-0.4027099609375,1.0752138671875,-0.001,-0.301,-0.015,0.02,-8.468,0.0539109787791265,0.151385202837755,0.178858734337398
-0.46134375,1.069068359375,-0.001,-0.096,-0.073,0.04,-8.952,0.0506673412402504,0.153891087994127,0.22549039754081
-0.469591796875,1.0213232421875,-0.006,-0.001,-0.184,0,-9.412,0.0538986528439147,0.149997483303445,0.225467329967416
-0.469447265625,0.9623203125,-0.001,-0.009,-0.236,0.02,-9.608,0.0614502141823359,0.14507360929929,0.214395051736174
-0.469447265625,0.9203212890625,-0.001,-0.001,-0.274,0.008,-9.652,0.0671824296270705,0.14032930745675,0.207215499254181
-0.469447265625,0.874435546875,-0.001,-0.001,-0.298,0.02,-9.5,0.0724966715566291,0.137156547504231,0.202228685878815
-0.4176162109375,0.756494140625,-0.001,0.208,-0.177,0.032,-9.344,0.0299070608429541,0.160557116345432,0.243013652136788
-0.3565283203125,0.71983984375,-0.001,0.226,-0.05,0.04,-9.236,0.00429791121521201,0.169497674198629,0.250049810270103
-0.3270029296875,0.715333984375,-0.001,0.274,-0.019,0.02,-9.584,-0.0126011052711586,0.173495296608083,0.255828220787042
-0.3013857421875,0.7149208984375,-0.001,0.325,-0.013,0.076,-8.972,-0.0360590204907357,0.179104260932535,0.264729367200334
-0.28922265625,0.7149208984375,-0.001,0.299,0.001,-0.02,-8.796,-0.0226333255304613,0.173904785681066,0.257470411274504
-0.2803974609375,0.7149208984375,-0.001,0.292,0.014,0.052,-8.972,-0.032498987626504,0.17597027415157,0.261513488419701
-0.2568095703125,0.7149208984375,-0.001,0.266,-0.006,-0.044,-9.084,-0.016911953770242,0.170071733617559,0.251998199998563
-0.2191826171875,0.71471484375,-0.001,0.168,-0.001,0.008,-8.316,-0.00762712081281776,0.165882614464965,0.242796490285971
-0.1167490234375,0.684826171875,-0.001,0.113,-0.092,0,-6.72,0.00134750268111487,0.160642622196059,0.2242845704184
-0.10922265625,0.6770537109375,-0.001,0.077,-0.084,0.02,-6.52,0.00554249339113554,0.160383656624305,0.220017991414234
-0.0497763671875,0.5552255859375,-0.001,0.087,-0.001,0.02,-6.676,-0.00393081373364407,0.160671543611509,0.215833558693359
-0.0425400390625,0.5552255859375,-0.001,0.102,0.006,0.02,-6.26,-0.00954273596446486,0.160802228580764,0.217992961717938
0.0378759765625,0.5548125,-0.001,0.051,-0.001,0.008,-4.64,-0.00803302096657383,0.160097149737358,0.210605851927983
0.0608583984375,0.5548125,-0.001,0.031,-0.001,-0.012,-4.572,-0.00475765698027066,0.160299228097271,0.206671536611143
0.084427734375,0.560970703125,-0.001,0.102,-0.001,0.02,-4.092,-0.0295425990483284,0.158345744113685,0.218131353119229
0.1176875,0.561177734375,-0.001,0.044,-0.001,0.04,-3.696,-0.0234702354013861,0.158629863795133,0.212430688203608
0.1191318359375,0.561177734375,-0.001,0.015,-0.001,0,-3.456,-0.0125306456897341,0.159940447627612,0.20577541612953
0.1406796875,0.561177734375,-0.001,0.083,-0.001,0.02,-3.872,-0.0339287912427865,0.157072384302348,0.215909218333688
0.146896484375,0.5613837890625,-0.001,0.02,-0.001,0.008,-3.324,-0.0190198685973199,0.159225690220582,0.207035267801696
0.15730078125,0.576322265625,-0.001,0.088,0.058,-0.02,-2.668,-0.0415372498768442,0.155611557527537,0.219201987532208
0.1620654296875,0.5793955078125,-0.001,0.124,0.077,0,-2.736,-0.0556911393515963,0.152869858186074,0.225991699757305
0.1734892578125,0.5839013671875,-0.001,0.216,0.069,0.032,-2.888,-0.0831585836764046,0.147469103224036,0.236667350560353
0.209771484375,0.5937265625,-0.001,0.243,0.06,0.008,-2.404,-0.0919397746341813,0.143927448769782,0.238657836548506
0.2203203125,0.5969921875,-0.001,0.151,0.058,0.02,-1.924,-0.0725202541804469,0.147584003598475,0.230959932289745
0.2255263671875,0.5990458984375,-0.001,0.097,0.037,0.064,-1.836,-0.0632039590760085,0.149503266537509,0.22680666819484
0.2363642578125,0.609490234375,-0.001,-0.014,0.037,0.032,-1.904,-0.0374987983971602,0.15558776433618,0.210655606065058
0.2365087890625,0.61175,-0.001,-0.001,0.055,0.088,-2.232,-0.0480509329104283,0.152412826808894,0.218817123941128
0.235064453125,0.615029296875,-0.001,-0.041,0.037,0.04,-2.056,-0.0329161860928659,0.156651059451549,0.207681100767725
0.230291015625,0.6178955078125,-0.001,-0.068,0.027,0,-2.648,-0.0218962833432162,0.159476881365489,0.199310255329359
0.218298828125,0.618501953125,-0.001,-0.097,-0.001,0,-2.32,-0.0114259299576536,0.161688677158835,0.191948670879352
0.192853515625,0.618708984375,-0.001,-0.127,0.003,0.032,-2.448,-0.00492953847960673,0.162381181187035,0.1899504671998
0.1616318359375,0.6156357421875,-0.001,-0.106,-0.06,0.02,-3.48,0.00389197545530183,0.162999658653832,0.186684275148446
0.150361328125,0.6060048828125,-0.001,-0.109,-0.116,0,-3.412,0.0153336237415385,0.1635711401078,0.17890915354484
0.142556640625,0.5955595703125,-0.001,-0.117,-0.159,-0.012,-3.632,0.0252504407413594,0.163627997644303,0.17217842722512
0.133884765625,0.5836943359375,-0.001,-0.13,-0.19,0.02,-3.676,0.0307568840767548,0.163982896785926,0.169368139816501
0.1149453125,0.561177734375,-0.001,-0.143,-0.144,0.008,-3.852,0.0360219305618784,0.164314845831208,0.169277404780494
0.083994140625,0.53353515625,-0.001,-0.156,-0.108,0,-4.288,0.0447220597257213,0.163891531844738,0.168653817785705
0.0588369140625,0.5181708984375,-0.001,-0.138,-0.058,0.02,-4.42,0.0399978525017173,0.162901563270502,0.177282400134725
0.0521962890625,0.51183203125,-0.001,-0.026,-0.069,-0.012,-4.748,0.0225785165542985,0.161280575500286,0.19127978666701
0.0899228515625,0.4428359375,-0.001,0.076,-0.056,-0.012,-5.316,-0.0006798198159984,0.160573231997871,0.200803655812847
0.111181640625,0.4332177734375,-0.001,0.093,-0.031,-0.032,-4.88,-0.0078286526913048,0.160206179344582,0.2021551744146
0.124771484375,0.423392578125,-0.001,0.022,-0.062,0.008,-4.748,0.00736513301471969,0.162284097950965,0.194516066502783
0.1334423828125,0.5593310546875,-0.001,-0.001,0.256,0.008,-3.74,-0.0403425881226913,0.151531564156035,0.222367366932234
0.1334423828125,0.585333984375,-0.001,-0.002,0.321,0.052,-3.084,-0.0534090276030055,0.145281064152699,0.232835062982186
0.1346064453125,0.622388671875,0.003,0.015,0.332,0,-2.648,-0.0570109939008751,0.146678323425767,0.236057136581403
0.13576171875,0.63611328125,-0.001,0.027,0.331,0.04,-2.756,-0.0647210460715959,0.143668898606784,0.241902838339082
0.139515625,0.669474609375,-0.001,0.047,0.32,0.02,-2.472,-0.0695727724637015,0.144207690860844,0.246128222719861
0.1516611328125,0.715333984375,-0.001,0.113,0.231,0.008,-2.232,-0.0800122162627238,0.145959691831062,0.252694719901926
0.167126953125,0.7362109375,-0.001,0.188,0.184,0.052,-2.164,-0.10083207210653,0.14184929054179,0.264514809469924
0.21569140625,0.7583408203125,-0.001,0.198,0.014,0.02,-0.764,-0.0894035321065252,0.144403975381466,0.254578283904967
0.2604921875,0.7583408203125,-0.001,0.235,0.008,0.02,-0.852,-0.103341284906928,0.138256730579813,0.259105078684181
0.2727734375,0.7581337890625,-0.001,0.184,-0.011,-0.02,-0.5,-0.087348778382894,0.141933317094782,0.247845508508718
0.2933017578125,0.7583408203125,-0.001,0.181,-0.001,0,-0.828,-0.0928853292930611,0.139348603854926,0.249607621228018
0.30109765625,0.7583408203125,-0.001,0.202,-0.001,0.008,-0.828,-0.099335845896355,0.136947860390432,0.253180987039845
0.3333203125,0.7581337890625,-0.001,0.16,-0.015,0.108,0,-0.103393045373566,0.133992578860782,0.254165639490691
0.3467568359375,0.7583408203125,-0.001,0.142,-0.001,0.052,-0.328,-0.0973642437151337,0.135221675242689,0.247933667862181
0.37637109375,0.76120703125,-0.001,0.106,0.01,0.04,0.5,-0.0941477651397847,0.135054219589065,0.24266576327871
0.3822998046875,0.7632470703125,-0.001,0.073,0.018,0.052,0.676,-0.0904387429799985,0.136219128387691,0.239369111407501
0.3841767578125,0.763453125,-0.001,0.062,-0.016,0.02,0.72,-0.0824133449402351,0.139595686726099,0.231725495344091
0.38821875,0.7638662109375,-0.002,0.017,-0.003,0.02,0.676,-0.0758671292795335,0.142153505189846,0.225027522178589
0.38821875,0.7640732421875,-0.001,-0.005,-0.001,0.008,1.072,-0.0710685350954884,0.144124135578746,0.220136009645974
0.3851875,0.7638662109375,-0.001,-0.033,-0.014,0,0.456,-0.0638587030647079,0.147080410665594,0.212842036854934
0.375072265625,0.7433896484375,-0.001,-0.033,-0.055,-0.012,-0.372,-0.0554888196006331,0.15013286378981,0.206095801916243
0.3669775390625,0.72740625,-0.001,-0.044,-0.099,0.032,-0.656,-0.0506039713948941,0.152043670112748,0.202726739474189
0.3638017578125,0.7143017578125,-0.001,-0.043,-0.139,0.04,-0.916,-0.0457789662212799,0.153509018771547,0.198983467071925
0.35716015625,0.6999833984375,-0.001,-0.073,-0.122,-0.02,-1.332,-0.0339915256530268,0.157025405846281,0.188209895107374
0.3310107421875,0.6964970703125,-0.001,-0.056,0.016,0.032,-1.86,-0.0504505929107506,0.152082040283065,0.208964775017549
0.3180078125,0.715541015625,-0.001,-0.1,0.216,0.02,-1.576,-0.0578064561365747,0.145789627094757,0.22077871322926
0.311791015625,0.729458984375,-0.001,-0.105,0.267,0.032,-1.596,-0.0617686429516783,0.142239049837294,0.227317521334329
0.30283984375,0.7575146484375,-0.001,-0.078,0.288,0.02,-1.792,-0.0688330700389971,0.139736926926075,0.235586470057915
0.2970556640625,0.7763515625,-0.001,-0.073,0.208,0.032,-1.836,-0.0655307937833128,0.143572545731942,0.23175793897295
0.2953232421875,0.793548828125,0.001,0.058,0.096,0,-2.296,-0.0801535376575693,0.142543255209809,0.242676167726424
0.3310107421875,0.837162109375,-0.001,0.105,0.125,0.032,-1.288,-0.102482971048968,0.132542283790208,0.261412657059135
0.386341796875,0.875662109375,-0.001,-0.011,-0.001,0.088,2.932,-0.0852026705331203,0.138399359065129,0.238381525913198
0.374638671875,0.8328623046875,-0.001,0.014,-0.223,0.008,2.34,-0.058059662828552,0.146072475294109,0.208481386340064
0.3844658203125,0.7888359375,-0.001,0.08,-0.26,0.02,2.384,-0.0631325532404072,0.143192120206687,0.216115039951824
0.435736328125,0.66272265625,-0.001,0.122,-0.273,-0.012,2.624,-0.0609842843513411,0.14239008275635,0.210210489654419
0.4520595703125,0.618708984375,-0.001,0.063,-0.258,0.032,2.78,-0.0545382289169618,0.147930851081172,0.201209380205972
0.4540810546875,0.603951171875,-0.001,0.018,-0.239,0.032,2.428,-0.0469964253226461,0.152278975199806,0.194089813958539
0.4537919921875,0.5871669921875,-0.001,-0.014,-0.2,0.008,3.128,-0.0408857885094435,0.155655761585307,0.188826233793118
0.4506162109375,0.559125,-0.001,-0.063,-0.149,0.02,2.536,-0.0348493879813794,0.160016628066396,0.184032251591474
0.44628515625,0.554412109375,-0.001,-0.137,-0.108,0.02,2.296,-0.0243349683623145,0.165553995878945,0.174351824447406
0.432560546875,0.549080078125,-0.001,-0.297,-0.081,0.008,2.276,0.0039252268498031,0.1780740376451,0.144828886991727
0.4178251953125,0.5462138671875,-0.001,-0.416,-0.073,0.064,0.744,0.0195505933657709,0.184472525559911,0.126400900457406
0.38533203125,0.5433603515625,-0.001,-0.615,-0.055,0.008,1.488,0.0516166283939255,0.193932968158485,0.0754331597230263
0.342705078125,0.5437607421875,-0.001,-0.715,0.041,0.032,-1.244,0.0634489561295241,0.192704292977094,0.0658206126424489
0.304427734375,0.5437607421875,-0.001,-0.764,0.008,-0.02,-2.604,0.0774524522110037,0.192573356541512,0.0423813039462753
0.2667099609375,0.5437607421875,-0.001,-0.744,-0.022,0.02,-1.64,0.0829626981542448,0.189056447855968,0.048728050914993
0.2378076171875,0.544173828125,-0.001,-0.712,0.008,0.052,-2.56,0.0835066719633468,0.185294690895532,0.0648575083650873
0.210494140625,0.5439677734375,0.009,-0.671,-0.001,0,-2.56,0.0874463553426706,0.181078501184543,0.0675136561034347
0.1545576171875,0.5439677734375,-0.001,-0.591,-0.005,0.052,-3.48,0.0868414275941468,0.175942227082229,0.0928796058866341
0.1254931640625,0.544173828125,-0.001,-0.588,-0.001,0.02,-3.808,0.0929568318532173,0.173447042737779,0.0901452747229187
0.0978818359375,0.544173828125,-0.001,-0.544,-0.001,-0.032,-4.66,0.0956775930385575,0.170604048605944,0.0944494151380528
0.0871796875,0.544173828125,-0.001,-0.532,-0.001,0.02,-5.428,0.0927250756146415,0.169151406780361,0.103396938959978
0.0559501953125,0.544380859375,-0.001,-0.509,0.006,0.032,-6.06,0.0936780109779748,0.165895377098568,0.110964487375728
0.0313701171875,0.544380859375,-0.001,-0.493,-0.001,-0.012,-5.34,0.0989441494524684,0.163609766575958,0.108691730587375
0.0121318359375,0.544380859375,-0.001,-0.477,-0.001,0.052,-5.36,0.0955798476229095,0.161594589980237,0.119743810161156
-0.032271484375,0.544380859375,-0.001,-0.43,-0.016,-0.032,-5.952,0.102962294088384,0.157090620961916,0.119045703135454
-0.05280859375,0.5445869140625,-0.001,-0.413,0.004,0.02,-6.148,0.0980520964677948,0.155433244409419,0.130721086152096
-0.07551171875,0.5445869140625,-0.001,-0.348,-0.001,0.008,-6.872,0.0924176520326269,0.153857392748838,0.142621711664813
-0.092005859375,0.544380859375,-0.001,-0.325,-0.014,0.076,-6.588,0.0866831014880289,0.153189971351656,0.153163770052189
-0.10328515625,0.5445869140625,-0.001,-0.278,-0.001,0.032,-6.696,0.082352131353865,0.152696437564265,0.159066991510085
-0.1348310546875,0.5449873046875,-0.001,-0.209,0.021,0.008,-7.396,0.0741293134389976,0.151711136088612,0.171711383630391
-0.17896484375,0.5447939453125,-0.001,-0.109,-0.001,0.02,-7.332,0.0616685344715044,0.151775469270622,0.187799315385341
