0.0021591796875,0.54573828125,-0.003,-0.001,0.031,0.088,-2.728,-0.00183282074585871,0.159819613217808,0.211235724716826
0.0020146484375,0.5584169921875,-0.001,-0.001,-0.001,0.02,-2.196,0.00792603415348148,0.160316644036598,0.204778904610187
0.01095703125,0.481287109375,0.009,0.047,-0.451,0.064,-2.888,0.0529002655355671,0.150638252877114,0.182641128228689
0.016298828125,0.42766796875,-0.006,0.045,-0.622,0.04,-3.236,0.0822295064287346,0.139627214065775,0.171951372576614
0.0173095703125,0.38173046875,-0.002,-0.017,-0.577,0.064,-2.748,0.0949819434489036,0.144709031199266,0.165286699198891
0.0174541015625,0.3501376953125,0.001,-0.007,-0.417,0.04,-3.28,0.0813622878054607,0.152177528065943,0.17324489578694
0.00187109375,0.2564296875,0.004,-0.08,-0.169,0.108,-4.852,0.0755014755245894,0.160804781133009,0.179294448058122
-0.0366494140625,0.250400390625,-0.001,-0.185,0.02,0.04,-4.944,0.0927485654073752,0.156913802848412,0.174378001121725
-0.0666611328125,0.1974267578125,-0.001,-0.01,-0.321,0.064,-5.988,0.101798283186744,0.149625746311889,0.178388842765779
-0.0720029296875,0.15359375,0.001,-0.095,-0.245,0.02,-6.172,0.125797016194861,0.148156902601937,0.172309865821057
-0.0916201171875,0.12930859375,0.002,-0.069,0.006,0.076,-6.516,0.0854898257696208,0.153042059850562,0.183919918480411
-0.1149912109375,0.1291025390625,0.002,-0.01,-0.001,0.12,-6.704,0.0688288333145119,0.153458605051982,0.187169116014235
-0.1597294921875,0.125990234375,-0.002,-0.222,-0.039,0.076,-7.396,0.141250130634863,0.140016730494778,0.172464557809447
-0.17184765625,0.12224609375,0.009,-0.259,-0.088,0.04,-7.652,0.162477318519909,0.133758217206227,0.164779176950986
-0.2139873046875,0.101279296875,-0.001,-0.249,-0.175,0.04,-8.16,0.179744926109327,0.123888399087558,0.162893215203828
-0.2356337890625,0.0813447265625,-0.001,-0.248,-0.253,0.052,-8.16,0.19301706455385,0.115935145015022,0.161573697445838
-0.26435546875,0.0352529296875,-0.001,-0.115,-0.288,0.064,-9.408,0.173309986835219,0.115920182718577,0.176200941837579
-0.26767578125,0.014078125,-0.001,-0.009,-0.263,0.076,-9.2,0.145225465716532,0.124297077494484,0.183012820237157
-0.26767578125,-0.02409765625,-0.001,-0.007,-0.254,0.008,-9.524,0.156402934617525,0.119105205397684,0.183900217038756
-0.2673876953125,-0.1008798828125,-0.001,-0.001,-0.33,0.04,-9.64,0.169802185280201,0.113901778710306,0.18796645420268
-0.2526611328125,-0.1995966796875,-0.001,0.1,-0.194,0.064,-8.76,0.135475057167353,0.129632970561655,0.184877482755797
-0.24386328125,-0.2114228515625,-0.001,0.144,-0.151,0.076,-8.508,0.118262285958612,0.135709266359358,0.179525778891802
-0.231302734375,-0.2226171875,-0.001,0.214,-0.183,0.088,-8.644,0.103419304381665,0.140143316754442,0.174220496305573
-0.114125,-0.18238671875,-0.001,0.042,0.422,0.088,-7.396,0.0455040397621296,0.139173814618796,0.168915364680092
-0.1090712890625,-0.15231640625,-0.001,0.104,0.528,0.04,-6.936,0.0184277733458175,0.137755650115034,0.160714255139718
-0.1008515625,-0.1166435546875,0.001,0.145,0.678,0.064,-6.54,-0.0177432760457698,0.12735211765852,0.153325693589556
-0.08714453125,-0.0512880859375,-0.002,0.133,0.637,0.04,-7.072,-0.0196565834252698,0.132361411484355,0.163735515749585
-0.073447265625,0.0149052734375,-0.001,0.144,0.683,0.088,-6.564,-0.0444729566008844,0.125777017250457,0.169343122198172
-0.0634853515625,0.055380859375,0.007,0.133,0.571,0.052,-6.38,-0.0327821795532021,0.138078559391018,0.177098275377264
-0.0559873046875,0.08798046875,-0.008,0.096,0.433,0.088,-6.288,-0.0157599276667375,0.143151589524484,0.184726669916051
-0.052810546875,0.1033447265625,-0.001,0.082,0.344,0.052,-5.964,0.000886136911459627,0.150058352705421,0.186620613533936
-0.0450234375,0.1232919921875,-0.001,0.097,0.162,0.04,-5.964,0.0186731832001743,0.156918353956125,0.187013681834986
-0.0388154296875,0.1264033203125,-0.001,0.114,-0.001,0.04,-5.476,0.0348946840478304,0.159035496436038,0.186588391691825
0.0545224609375,0.0146982421875,-0.002,0.301,-0.402,-0.012,-4.6,0.0444052237785006,0.151397999532546,0.18794089732825
0.128234375,-0.0985947265625,0.004,0.183,-0.374,0.076,-4.184,0.0644113988575319,0.164209311590728,0.186272708730218
0.1544833984375,-0.153775390625,0.004,0.109,-0.251,0.052,-4.112,0.0736550603954623,0.171135313195299,0.186028255678198
0.183611328125,-0.1979443359375,0.003,0.135,-0.11,0.1,-4.068,0.0432843057636842,0.171836293044277,0.177604992767414
0.18909765625,-0.1950390625,-0.001,-0.221,0.116,0.064,-4.736,0.108912513839365,0.182148210800787,0.191654637634334
0.1715107421875,-0.1857041015625,-0.003,-0.386,0.207,0.052,-4.808,0.144647583626507,0.183545935113694,0.191928891420749
0.0939091796875,-0.123693359375,-0.001,-0.563,0.557,0.064,-4.092,0.158539670455596,0.150781506604179,0.195013359297453
0.0442802734375,-0.069337890625,-0.001,-0.564,0.67,0.076,-5.084,0.148195783367237,0.131281645921822,0.196600588616445
0.0053349609375,-0.0238916015625,-0.001,-0.581,0.649,0.04,-4.832,0.157219548457189,0.130270441098345,0.189005414080581
-0.056853515625,0.035458984375,-0.003,-0.667,0.533,0.04,-4.9,0.190298934088328,0.128390228695147,0.168267080028236
-0.1448583984375,0.0877744140625,-0.001,-0.686,0.3,0.02,-6.032,0.221476999903525,0.122873664271049,0.138933018642494
-0.259013671875,0.0819638671875,-0.001,-0.185,-0.221,0.02,-6.516,0.180379367528168,0.115292892560754,0.167990852645076
-0.2720078125,0.0501904296875,-0.001,-0.106,-0.426,0.076,-6.564,0.184417546323757,0.106768616433105,0.173569092714627
-0.277484375,-0.003556640625,-0.001,-0.033,-0.601,0.02,-7.256,0.196640095773105,0.087492153974424,0.180960041411463
-0.28528125,-0.0971357421875,-0.001,-0.073,-0.656,0.076,-7.72,0.219782532507629,0.0796649488564146,0.187261428555026
-0.2880244140625,-0.1243125,-0.001,-0.068,-0.693,0.032,-7.788,0.228517010270875,0.0696525850753621,0.190706137876467
-0.29567578125,-0.194212890625,-0.001,-0.061,-0.509,0.1,-8.16,0.212970027502059,0.091513988406617,0.196354827064775
-0.2985634765625,-0.23277734375,-0.001,-0.001,-0.325,0.064,-8.46,0.185937228202504,0.105925055654988,0.195328739726839
-0.2652216796875,-0.3015673828125,-0.001,0.156,-0.499,0.02,-8.368,0.171784692633815,0.103573333691479,0.201727236252779
-0.2597353515625,-0.3309912109375,-0.001,0.038,-0.487,0.032,-6.38,0.202838730680775,0.0976890025531174,0.208761437629973
-0.2598798828125,-0.398515625,-0.001,-0.009,-0.385,0.02,-5.64,0.213050952572333,0.0999893365707273,0.213188578625045
-0.2600244140625,-0.417365234375,-0.001,0.011,-0.241,0.04,-6.38,0.192644196366081,0.111893719891515,0.204996112745044
-0.259158203125,-0.4277197265625,-0.001,0.023,-0.149,0.04,-7.444,0.18044911946919,0.117265431832434,0.199314945128917
-0.2491962890625,-0.440759765625,-0.001,0.006,-0.012,0.052,-7.42,0.167255484657093,0.122913995593189,0.19322699929664
-0.26493359375,-0.4494619140625,-0.005,-0.171,-0.122,0.052,-7.976,0.226353258155523,0.104794544487922,0.215628098452405
-0.2803720703125,-0.460216796875,-0.001,-0.259,-0.16,0.032,-7.812,0.257993148911094,0.091509059181365,0.22307319690831
-0.3031748046875,-0.47512890625,0.001,-0.357,-0.236,0.04,-8.62,0.294295827287615,0.0731269716441593,0.228934322349615
-0.3625029296875,-0.514869140625,-0.001,-0.382,-0.226,0.076,-10.656,0.302501204461529,0.0555676965049334,0.235894521350481
-0.3871826171875,-0.5285283203125,-0.001,-0.337,-0.17,0.088,-10.932,0.285784605818049,0.056714291325914,0.235669928152813
-0.4160576171875,-0.5434150390625,-0.001,-0.273,-0.114,0.052,-11.072,0.270554704566836,0.0556904720571782,0.233682994269644
-0.45012109375,-0.552517578125,-0.001,-0.236,-0.04,0.052,-11.812,0.255872527133279,0.0546496085087286,0.229264730175962
-0.4613818359375,-0.5543759765625,-0.001,-0.163,-0.033,0.064,-12.716,0.238184241673446,0.060876379746761,0.221749994850387
-0.4994970703125,-0.56865625,-0.001,-0.156,-0.12,0.088,-12.204,0.247040226950057,0.0483522223343533,0.226205160456713
-0.5133662109375,-0.5781708984375,-0.001,-0.185,-0.124,0.032,-11.996,0.260771421390639,0.0364782672696102,0.232862193041811
-0.540796875,-0.5953427734375,-0.001,-0.192,-0.12,0.02,-12.068,0.26516367556339,0.0270534436374454,0.236106964478681
-0.561154296875,-0.608576171875,-0.001,-0.146,-0.093,0.052,-12.6,0.251253277881696,0.0315282632542761,0.229823326533262
-0.6050439453125,-0.627400390625,-0.001,-0.16,-0.087,0.088,-12.392,0.252502102237634,0.0209437788640782,0.231410648013106
-0.642021484375,-0.6398076171875,-0.002,-0.119,-0.025,0.052,-12.252,0.24364510389094,0.0182160268878245,0.22549805945854
-0.645919921875,-0.640220703125,-0.001,-0.092,-0.007,0.076,-12.808,0.234815919679948,0.0238427941033591,0.218999815951787
-0.69300390625,-0.648484375,-0.001,-0.1,-0.057,0.04,-11.768,0.245428487951898,0.00470554031742491,0.22677033492053
-0.698201171875,-0.651802734375,-0.001,-0.081,-0.059,0.1,-11.744,0.237463063527421,0.0107253002149511,0.2207660271765
-0.7028212890625,-0.6590322265625,0.001,-0.011,-0.052,0.088,-11.836,0.226873514448062,0.0184576279395195,0.210623496403764
-0.7028212890625,-0.6608916015625,-0.001,-0.005,0.014,0.108,-12.552,0.218502009614903,0.0246861277030148,0.202908446332383
-0.702099609375,-0.644765625,-0.001,0.006,0.175,0.076,-13.732,0.202612848588409,0.0334817965316359,0.189032349630917
-0.7009443359375,-0.6288466796875,-0.001,0.034,0.259,0.052,-13.708,0.190635939905008,0.0405296765685342,0.177935937146773
-0.6974794921875,-0.61312109375,-0.001,0.083,0.322,0.052,-14.08,0.175330421997321,0.0501139766129201,0.162434855529154
-0.69300390625,-0.597615234375,-0.001,0.119,0.407,0.008,-14.288,0.164051180279879,0.0570002510638605,0.151032187166063
-0.6859208984375,-0.572994140625,-0.001,0.111,0.449,0.032,-13.616,0.154244772791361,0.0609226065866773,0.147503921549192
-0.674505859375,-0.5059736328125,-0.001,0.049,0.471,0.052,-13.892,0.148714239373839,0.0631864839452365,0.157732262797849
-0.6662763671875,-0.433103515625,-0.001,0.048,0.324,0.088,-14.516,0.152964927189721,0.0697809028199151,0.165199541287117
-0.6651220703125,-0.425021484375,-0.001,0.04,0.254,0.076,-14.772,0.163080081558288,0.0669444124705791,0.171160044529127
-0.6631005859375,-0.411361328125,-0.001,0.021,0.166,0.052,-14.38,0.177699168475087,0.0607262678020867,0.179986686056882
-0.6488076171875,-0.387966796875,-0.001,0.134,0.081,0.088,-14.124,0.159430096701284,0.0784512391817315,0.166645413555295
-0.6241103515625,-0.3664189453125,0,0.272,0.216,0.052,-13.568,0.120674412078456,0.104898771838884,0.136052791620005
-0.5991240234375,-0.3398994140625,-0.001,0.417,0.548,0.076,-13.36,0.0540858533113934,0.126381711921123,0.0790274771604139
-0.5650517578125,-0.3059306640625,-0.001,0.51,0.439,0.064,-14.124,0.045104751416686,0.141376024106994,0.0703721213462659
-0.54123046875,-0.2791923828125,-0.001,0.615,0.677,0.02,-14.448,0.00518663767716512,0.146623019925426,0.0310336670721858
-0.4957431640625,-0.2300791015625,-0.001,0.674,0.704,0.04,-13.36,-0.0237019606389712,0.154010832435817,0.0197392733872668
-0.4813056640625,-0.21390234375,-0.001,0.73,0.837,0.032,-13.64,-0.046391197012379,0.150410316340302,-0.0019313606738961
-0.429908203125,-0.155427734375,-0.001,0.759,0.814,0.076,-12.252,-0.0750376165159173,0.155350337140722,0.000519179790654524
-0.4068173828125,-0.1297099609375,-0.001,0.768,0.842,0.076,-12.668,-0.0892567585122426,0.154892740573284,0.00180364303975665
-0.329017578125,-0.0446396484375,-0.001,0.786,0.833,0.064,-11.396,-0.125401985810819,0.158088784011864,0.0184302602121896
-0.283548828125,0.0032978515625,-0.004,0.748,0.695,0.076,-9.848,-0.129947371455976,0.164085613632278,0.0486123898115931
-0.228126953125,0.059744140625,-0.01,0.663,0.727,0.052,-9.664,-0.140855750088305,0.154690698471011,0.082733725623781
-0.2097998046875,0.076154296875,-0.006,0.59,0.582,0.052,-9.176,-0.119399464632501,0.161148181007126,0.110474806338116
-0.145580078125,0.13159375,-0.001,0.426,0.338,0.032,-9.292,-0.0729178886247884,0.163319782751024,0.161026554363313
-0.0959423828125,0.146544921875,0.009,0.333,-0.017,0.1,-8.344,-0.0223772694019626,0.1642868564194,0.181575307132253
-0.0517998046875,0.1403212890625,-0.012,0.26,-0.01,0.04,-7.952,-0.00204411593397507,0.159801267235987,0.18485278979131
-0.023087890625,0.0867412109375,0.003,-0.007,-0.366,0.052,-6.98,0.116788856460112,0.150972094883275,0.179816645708606
-0.022654296875,-0.023478515625,-0.001,-0.004,-0.209,0.1,-7.512,0.104040148304474,0.157804444701333,0.184274959660717
-0.0466025390625,-0.0689248046875,-0.002,-0.311,-0.151,0.064,-5.36,0.191462378083787,0.151467001391709,0.173819168084896
-0.0825244140625,-0.1056435546875,-0.001,-0.166,-0.27,0.064,-5.5,0.17978129096311,0.143383871755736,0.18357655767034
-0.1053271484375,-0.1575068359375,-0.001,-0.092,-0.275,0.064,-5.292,0.170752700104655,0.140380869911547,0.189792982304974
-0.11715625,-0.1985634765625,-0.001,-0.043,-0.148,0.052,-5.268,0.149502691822664,0.143367410969704,0.190128255254226
-0.1200439453125,-0.2068525390625,-0.001,-0.026,-0.061,0.076,-6.056,0.131851584760164,0.14593091108604,0.187492447358884
-0.1149912109375,-0.2709033203125,-0.001,0.273,0.027,0.052,-9.016,0.0591886755294356,0.154207822166477,0.154080158730322
-0.087578125,-0.2621884765625,-0.001,0.313,0.175,0.076,-8.344,0.0249918564766932,0.154743057833157,0.13606150003939
-0.0741689453125,-0.2522607421875,-0.001,0.335,0.268,0.02,-8.184,0.0125948320175426,0.154092422941405,0.129906845201252
-0.0349169921875,-0.2083115234375,-0.001,0.418,0.597,0.04,-6.056,-0.0533133303834809,0.135478424631544,0.0939545285905303
-0.0083701171875,-0.1701591796875,-0.001,0.453,0.7,0.076,-6.564,-0.0833940358339701,0.12220551391264,0.0835304014289055
0.025818359375,-0.1151845703125,0.005,0.491,0.856,0.064,-4.876,-0.11725306136844,0.10499542025861,0.0767967458425553
0.07616015625,-0.0253505859375,-0.005,0.51,0.996,0.076,-6.008,-0.153805043180047,0.0769257488271351,0.0852973308037474
0.0953525390625,0.01034765625,-0.008,0.482,0.896,0.064,-5.732,-0.152014579564239,0.0866151054887837,0.103653798330339
0.113958984375,0.046458984375,0.009,0.45,0.869,0.032,-4.136,-0.152833895346512,0.0938675734143054,0.12043435378151
0.1386201171875,0.09525,0.006,0.372,0.72,0.052,-4.068,-0.137567892237859,0.104999593154605,0.149161415094208
0.1713662109375,0.1650205078125,-0.002,0.138,0.251,0.04,-4.16,-0.0425721558024354,0.149479702209567,0.189735913750595
0.17698828125,0.171462890625,0.006,0.022,-0.064,0.076,-4.092,0.0217740327120942,0.167159669113232,0.186772515739485
0.1729453125,0.1612763671875,-0.002,-0.091,-0.205,0.04,-4.3,0.0762523372750029,0.17435089189993,0.174487167636903
0.1640029296875,0.144259765625,-0.001,-0.2,-0.385,0.12,-4.16,0.120408003250964,0.17847837240377,0.160415226849714
0.1528955078125,0.12453125,-0.001,-0.291,-0.511,0.032,-3.884,0.17204654064102,0.173342918076841,0.13834575158443
0.1301025390625,0.087154296875,-0.001,-0.418,-0.693,0.088,-3.768,0.223849539198211,0.167001954423401,0.114198748040646
0.1129482421875,0.0587119140625,0.005,-0.445,-0.76,0.008,-5.084,0.251741469002654,0.151880925600467,0.105945007888507
0.08596875,0.0105537109375,0.005,-0.455,-0.844,0.04,-4.832,0.272680026233327,0.141475219511377,0.110905280627216
0.0675068359375,-0.02265234375,-0.001,-0.456,-0.753,0.04,-5.732,0.273788516377007,0.146106397009578,0.121340814995259
0.012544921875,-0.130123046875,0.003,-0.394,-0.841,0.064,-6.704,0.293232467861956,0.124365181167923,0.15264356052645
-0.0083701171875,-0.1778291015625,-0.001,-0.284,-0.615,0.1,-6.864,0.24863325872973,0.141093897931265,0.181554144229051
-0.016455078125,-0.1946259765625,-0.001,-0.263,-0.523,0.064,-7.72,0.239519168178693,0.142558757275006,0.186317024579748
-0.032751953125,-0.2240625,-0.001,-0.227,-0.376,0.04,-7.444,0.220662116304542,0.145698411762183,0.193231115437504
-0.083390625,-0.246037109375,-0.001,-0.335,-0.001,0.064,-7.836,0.206437111328245,0.143692531614342,0.195271456127919
-0.10763671875,-0.24749609375,-0.001,-0.241,-0.026,0.04,-8.644,0.191710259151607,0.140673689041795,0.195535964863733
-0.1220654296875,-0.1591591796875,-0.001,-0.01,0.34,0.076,-7.188,0.0681717756580931,0.141812914805535,0.177560427281058
-0.0764609375,-0.10980078125,-0.001,0.229,0.18,0.076,-6.864,0.0157315498792424,0.155438275591865,0.159460971694608
-0.0606064453125,-0.0971357421875,-0.001,0.268,0.219,0.032,-6.98,0.00263437853408181,0.156138837004341,0.155585482514234
-0.0414140625,-0.078259765625,-0.001,0.282,0.292,0.052,-5.708,-0.0182262587557575,0.153297055545842,0.151376324790731
0.000283203125,-0.038623046875,-0.001,0.251,0.23,0.052,-6.196,-0.0159174304378697,0.155018547009854,0.161826755828931
0.0346162109375,-0.018701171875,-0.005,0.229,0.094,0.052,-5.36,-0.00128016347633093,0.158698540816293,0.170538514987013
0.1602587890625,-0.0151767578125,0.001,0.126,0.029,0.052,-4.204,0.012714343627731,0.164218594793699,0.179291796923482
0.1694892578125,-0.01558984375,-0.007,0.052,-0.007,0.076,-5.152,0.032385872725388,0.168078406804964,0.182457977985579
0.174677734375,-0.0153828125,-0.001,-0.017,0.013,0.032,-4.876,0.0524771425753883,0.171968302110059,0.183375732714344
0.168478515625,0.1087548828125,-0.001,-0.086,0.49,0.108,-4.32,-0.00933843421155177,0.137808702364151,0.196214076387138
0.05683203125,0.2161220703125,-0.001,-0.185,-0.016,0.04,-4.436,0.0870703913829382,0.165627155626706,0.172749679964894
0.0445693359375,0.213216796875,-0.001,-0.213,-0.074,0.052,-4.944,0.102142749102075,0.165215354632898,0.167346141646811
0.0246630859375,0.203443359375,0.003,-0.218,-0.118,0.064,-4.252,0.112022800207861,0.162976439319106,0.165382589414697
0.0174541015625,0.1999189453125,-0.003,-0.243,-0.131,0.032,-4.576,0.125240914528672,0.162133562513608,0.159755154235998
-0.0027490234375,0.1884921875,-0.004,-0.25,-0.176,0.04,-5.152,0.136545155210872,0.159092102687223,0.157320928315321
-0.01082421875,0.182669921875,-0.006,-0.279,-0.21,0.04,-5.34,0.149651551109932,0.157384410031933,0.15176405041156
-0.0349169921875,0.160037109375,0.004,-0.27,-0.275,0.064,-5.292,0.159783309621611,0.151620783155137,0.152392651320009
-0.073158203125,0.107501953125,-0.003,-0.315,-0.507,0.064,-5.988,0.211303613715107,0.132633022679962,0.138310999188747
-0.1044609375,0.04977734375,-0.006,-0.327,-0.637,0.032,-6.68,0.244631759550973,0.112173416659364,0.136554527974064
-0.1210546875,0.0163642578125,-0.001,-0.326,-0.668,0.04,-6.632,0.253990968611913,0.104571809200482,0.141017575291953
-0.1409697265625,-0.0272099609375,-0.001,-0.329,-0.736,0.076,-7.812,0.267428954132651,0.0953746687784697,0.146775429386726
-0.149623046875,-0.0504619140625,-0.001,-0.284,-0.797,0.088,-7.86,0.26609101843664,0.0891534001756384,0.156378031634412
-0.1693935546875,-0.103578125,0.006,-0.291,-0.749,0.032,-8.3,0.277172112948368,0.0801838480822757,0.16404877239795
-0.1945048828125,-0.1734775390625,-0.001,-0.274,-0.777,0.1,-8.576,0.282813592013389,0.0775008779094415,0.179950341323699
-0.207201171875,-0.208517578125,-0.001,-0.331,-0.93,0.052,-8.3,0.317204686548122,0.0469928025686912,0.177274771647363
-0.2226494140625,-0.2445908203125,-0.005,-0.399,-0.875,0.04,-6.24,0.33702039259744,0.0431026790526422,0.176623786074032
-0.251794921875,-0.30634375,-0.001,-0.395,-0.88,0.076,-9.016,0.342915406216696,0.0345179503997564,0.192505702675091
-0.2708525390625,-0.3434248046875,-0.001,-0.367,-0.683,0.04,-8.716,0.328450215937274,0.0471129550584443,0.204730137874652
-0.2825380859375,-0.3697373046875,-0.001,-0.291,-0.648,0.088,-9.824,0.305298915819667,0.0570593452306502,0.21572499849662
-0.3041845703125,-0.423369140625,-0.001,-0.151,-0.438,0.064,-9.848,0.256975018937361,0.0777527561608411,0.22249920189143
-0.3121259765625,-0.446556640625,-0.001,-0.084,-0.273,0.076,-10.08,0.224046653496377,0.0937694919338935,0.215107435499056
-0.314580078125,-0.419431640625,-0.001,0.003,0.425,0.04,-10.588,0.120302399334857,0.114292520250561,0.169595237994755
-0.314580078125,-0.40596484375,-0.001,-0.001,0.474,0.064,-10.516,0.110118754742152,0.112759693450438,0.166987742145702
-0.314724609375,-0.3096494140625,-0.001,-0.004,0.789,0.04,-9.984,0.0616019439864934,0.102080761235862,0.15981910666811
-0.314580078125,-0.276701171875,-0.001,-0.001,0.822,0.1,-10.056,0.0453218065391014,0.0976671837140802,0.159423178879686
-0.314146484375,-0.1745107421875,-0.001,0.018,0.832,0.052,-9.316,0.030407934450643,0.106342836446119,0.164424402826451
-0.3119814453125,-0.141123046875,-0.001,0.062,0.822,0.076,-9.2,0.0135367745255694,0.110399691580061,0.160607213635015
-0.30894921875,-0.11559765625,-0.001,0.111,0.877,0.1,-9.06,-0.0104937158223737,0.109106938342604,0.15431403032583
-0.2998623046875,-0.0674658203125,-0.001,0.172,0.83,0.088,-9.2,-0.0262792730946307,0.120289027991189,0.151333476456956
-0.28903515625,-0.029908203125,-0.001,0.245,0.741,0.052,-8.368,-0.0356389463722996,0.135488010386453,0.147239250914656
-0.26854296875,0.0165703125,-0.001,0.312,0.694,0.052,-8.784,-0.0554195859054108,0.144022916098461,0.145003672787275
-0.2614677734375,0.0281904296875,-0.001,0.349,0.596,0.02,-8.436,-0.0509379958215704,0.153518977096969,0.145024368597681
-0.228126953125,0.069298828125,-0.01,0.401,0.409,0.04,-8.276,-0.0536915653638132,0.161680523199667,0.15051556162118
-0.108349609375,-0.0573046875,-0.001,-0.073,-0.478,0.064,-7.536,0.178391004298282,0.130506916676752,0.183285250010408
-0.1223544921875,-0.1046103515625,-0.001,-0.203,-0.525,0.088,-7.952,0.223389581518917,0.121590509919709,0.178957186662496
-0.1354833984375,-0.1311552734375,-0.001,-0.285,-0.519,0.052,-7.788,0.252585771843265,0.112851216852075,0.174290641809587
-0.156697265625,-0.1697333984375,0.005,-0.314,-0.609,0.052,-7.952,0.276659475286942,0.0970326265948198,0.175976482760294
-0.183244140625,-0.2078984375,-0.005,-0.417,-0.529,0.04,-5.476,0.30359690492974,0.0914109561899507,0.172897363520421
-0.2061904296875,-0.233603515625,-0.001,-0.458,-0.526,0.04,-8.252,0.318498484215205,0.0812497456659416,0.173356334711869
-0.2191845703125,-0.2466572265625,-0.001,-0.427,-0.436,0.064,-8.576,0.301821055675775,0.0877915021194079,0.182383993910944
-0.246029296875,-0.2717294921875,-0.001,-0.347,-0.283,0.088,-9.34,0.266617960364035,0.0962385109059966,0.195684836366268
-0.272287109375,-0.2893408203125,-0.001,-0.193,-0.094,0.108,-9.108,0.20505886880502,0.110006487270702,0.199277054092735
-0.262478515625,-0.2597099609375,-0.001,0.124,0.264,0.052,-9.848,0.0831559121054769,0.136797256749957,0.161653461090561
-0.2548271484375,-0.1921337890625,-0.008,-0.001,0.329,0.132,-8.644,0.0828260563332428,0.130144079354242,0.17544273253539
-0.28109375,-0.161857421875,-0.001,-0.105,-0.166,0.088,-9.684,0.180198605541385,0.114929974251929,0.189190823303032
-0.2886015625,-0.1730517578125,-0.001,-0.136,-0.207,0.064,-9.776,0.198371758609895,0.107177554936345,0.190048674781763
-0.3082275390625,-0.208517578125,-0.004,-0.212,-0.418,0.04,-9.432,0.251043125536663,0.0787081525214055,0.191878576749767
-0.3262744140625,-0.240240234375,-0.001,-0.275,-0.479,0.052,-10.172,0.276850152696974,0.0628732770743011,0.192799298537236
-0.338681640625,-0.2621884765625,-0.001,-0.234,-0.433,0.12,-10.24,0.258682014684268,0.0727287929091441,0.198987800980715
-0.36178125,-0.3005341796875,-0.001,-0.232,-0.389,0.076,-10.748,0.263458961139789,0.065031629720684,0.203846664807315
-0.40017578125,-0.3606220703125,-0.001,-0.138,-0.173,0.052,-12.184,0.227511071118435,0.0769619806488987,0.206264673028761
-0.4137470703125,-0.3703564453125,-0.001,-0.146,-0.056,0.064,-11.536,0.216217925256347,0.0804635487768553,0.20377337846936
-0.426587890625,-0.3705634765625,-0.001,-0.132,0.014,0.076,-11.56,0.203883458898674,0.083269803315791,0.200396452005523
-0.455029296875,-0.37076953125,-0.001,-0.002,-0.011,0.032,-12.644,0.184876829304174,0.0880439656579305,0.19160443606555
-0.455318359375,-0.3705634765625,-0.001,-0.001,-0.001,0.108,-12.412,0.174778568291479,0.0929070500796784,0.188004821190239
-0.4530078125,-0.3697373046875,-0.001,0.054,0.028,0.064,-12.32,0.164175326012949,0.0980113817087327,0.1819101013685
-0.43900390625,-0.3622744140625,-0.001,0.196,0.111,0.064,-11.996,0.123094049420125,0.117235757190386,0.156531071664688
-0.43207421875,-0.3579365234375,-0.001,0.227,0.145,0.076,-11.86,0.110508450604382,0.122274465200596,0.148248213926087
-0.4016201171875,-0.3341025390625,-0.001,0.325,0.282,0.052,-11.904,0.0724344016924852,0.135305459173808,0.122438423671721
-0.37851953125,-0.3135869140625,-0.001,0.36,0.31,0.032,-10.288,0.0587352712757324,0.140609105699001,0.116191557406723
-0.3395478515625,-0.2661396484375,0.009,0.224,0.32,0.088,-11.604,0.0620548510523502,0.137897475172558,0.140906497750001
-0.324974609375,-0.24271875,-0.001,0.256,0.386,0.088,-10.772,0.0417485574377423,0.13970056480856,0.133257530682033
-0.2767626953125,-0.18632421875,-0.001,0.41,0.38,0.064,-10.84,-0.00107349046882561,0.153374180208441,0.111600823050384
-0.2491962890625,-0.162271484375,-0.001,0.509,0.411,0.032,-9.964,-0.0273910840357983,0.158716699762399,0.0944876562294051
-0.2021484375,-0.1249326171875,-0.001,0.541,0.429,0.04,-10.564,-0.0511798019548793,0.159048291858227,0.091539829844133
-0.165927734375,-0.0967216796875,0.011,0.498,0.385,0.076,-8.576,-0.0548183884960029,0.159746366015169,0.105724449230578
-0.095220703125,-0.0380029296875,0.003,0.413,0.367,0.076,-8.184,-0.058295849940311,0.154302918292399,0.131810489162778
-0.0683935546875,-0.01101953125,-0.012,0.39,0.406,0.12,-7.768,-0.0715746417381714,0.146153276953824,0.136288121888758
-0.0401142578125,0.02320703125,-0.001,0.352,0.437,0.032,-7.488,-0.0665996967554418,0.148320792494541,0.149280581355707
0.006201171875,0.0933779296875,0.003,0.285,0.509,0.088,-7.372,-0.0834006581458852,0.137224875758701,0.166038161093795
0.0426923828125,0.1641943359375,0.008,0.236,0.466,0.1,-6.68,-0.0828677426888602,0.137425668710936,0.183428914182932
0.0604326171875,0.200951171875,-0.009,0.25,0.551,0.088,-6.472,-0.100517469901745,0.126833177774922,0.187399866774572
0.071982421875,0.2329453125,-0.012,0.187,0.561,0.052,-6.704,-0.0862011391899774,0.128327805720177,0.197394882491809
0.0865458984375,0.2776171875,0.002,0.14,0.491,0.076,-5.084,-0.0765067800018741,0.133515659618417,0.20650461385879
0.10890625,0.361357421875,0.01,0.088,0.221,0.052,-5.548,-0.0409530930211103,0.152514634501477,0.209398047567313
0.1207265625,0.391904296875,0.006,0.034,0.063,0.064,-4.02,-0.0138954962502945,0.159133437222476,0.203033914191656
0.1273681640625,0.40313671875,-0.008,0.057,0.101,0.1,-4.392,-0.0305118897926635,0.155304922882135,0.209214948815707
0.1329892578125,0.40250390625,0.006,0.036,-0.051,0.076,-4.228,-0.00475488136717234,0.161513461189414,0.19911374257485
0.13746484375,0.4027236328125,-0.004,-0.033,-0.001,0.04,-4.692,0.00977206720763936,0.163198462024138,0.192620569186419
0.116693359375,0.3989794921875,0.002,-0.195,-0.08,0.04,-4.968,0.0600398584142875,0.168312480312611,0.166065046576979
0.1032841796875,0.3906650390625,-0.004,-0.22,-0.161,0.088,-5.592,0.0731112774607252,0.169133924276921,0.159767092108247
0.094486328125,0.3819375,0.006,-0.218,-0.228,0.032,-5.408,0.0887667485296529,0.166355638204551,0.150671798301825
0.0871240234375,0.3736220703125,0,-0.254,-0.282,0.032,-5.108,0.104731965360347,0.165849263187612,0.14030135249244
0.068228515625,0.3478525390625,-0.001,-0.267,-0.43,0.064,-5.548,0.12783379260871,0.160664613202697,0.130365047218285
0.046734375,0.3096103515625,-0.001,-0.281,-0.53,0.052,-6.564,0.15282657157228,0.152555574750163,0.122271918173918
0.026396484375,0.26328515625,-0.001,-0.26,-0.657,0.076,-6.08,0.171625699599765,0.142849201706511,0.124144012369828
-0.085412109375,0.0445869140625,0.001,-0.386,-0.424,0.076,-7.928,0.229170092729415,0.133200388836578,0.140154605270301
-0.1240869140625,0.0194755859375,0.005,-0.393,-0.176,0.04,-8.228,0.214966155963598,0.132951583271073,0.153641067753601
-0.135771484375,0.0169833984375,-0.001,-0.387,-0.085,0.052,-8.528,0.203278158722807,0.134223552216228,0.160215121346868
-0.1572744140625,0.0161572265625,-0.001,-0.342,0.022,0.064,-8.576,0.180326900743951,0.133561765305466,0.17071208002675
-0.1910400390625,0.017603515625,-0.001,-0.271,0.014,0.088,-8.716,0.164746170621615,0.131286787555335,0.176684387748795
-0.2896123046875,0.0109794921875,-0.001,-0.284,-0.167,0.088,-7.996,0.203739388311439,0.106702740335379,0.169052239791565
-0.3015859375,0.0008056640625,-0.001,-0.316,-0.321,0.04,-7.996,0.236804454978649,0.0888135089692716,0.158285682749994
-0.32006640625,-0.0218125,0.003,-0.335,-0.473,0.052,-7.976,0.260032760548819,0.0698124958971379,0.153339245928907
-0.34719921875,-0.07100390625,-0.001,-0.291,-0.67,0.076,-8.828,0.274700275838595,0.0466007993671186,0.161487844513115
-0.3750546875,-0.147552734375,-0.001,-0.22,-0.761,0.064,-9.408,0.27674714532274,0.0294098093605581,0.180824927669356
-0.3902138671875,-0.2041669921875,-0.001,-0.176,-0.688,0.064,-9.94,0.268223748589963,0.0354906753739997,0.193989130264431
-0.3941123046875,-0.225095703125,-0.001,-0.121,-0.719,0.052,-10.356,0.259756809269205,0.0341284662193743,0.200877590475254
-0.399021484375,-0.2630283203125,-0.001,-0.074,-0.614,0.076,-10.404,0.242821369148476,0.0510126943337111,0.205853183953964
-0.409126953125,-0.386521484375,-0.001,-0.103,-0.306,0.04,-9.224,0.237919160103011,0.0664834815812898,0.212305896505066
-0.41851171875,-0.411568359375,-0.001,-0.039,-0.04,0.064,-10.1,0.194208914210686,0.0893226638178249,0.197526818928543
-0.4105712890625,-0.4322646484375,-0.001,0.193,0.01,0.064,-9.848,0.141452862259624,0.113086564543153,0.164101149274782
-0.3187666015625,-0.426880859375,0,0.513,0.032,0.04,-8.76,0.074669276273126,0.143907764579153,0.102177109917716
-0.2533828125,-0.417572265625,-0.007,0.4,0.133,0.052,-6.748,0.0704127144304911,0.144242613291095,0.115493715000246
-0.1823779296875,-0.358142578125,-0.006,0.297,0.452,0.032,-6.008,0.034918466864286,0.139899780598538,0.115045597950799
-0.1639072265625,-0.326640625,-0.008,0.324,0.578,0.008,-5.872,0.0109290616375898,0.136370948439118,0.10450231184232
-0.1418359375,-0.2833369140625,0.009,0.329,0.659,0.076,-6.82,-0.0175439362482907,0.130892851888047,0.098386407023412
-0.1314404296875,-0.2628212890625,-0.009,0.35,0.703,0.052,-5.176,-0.0277837657997245,0.126613973385295,0.0951121713672063
-0.1018623046875,-0.196072265625,-0.002,0.346,0.788,0.032,-6.172,-0.0514836687740866,0.12259649146023,0.101423985800519
-0.0895986328125,-0.1655888671875,-0.001,0.289,0.761,0.032,-6.424,-0.0462406575033899,0.124216910865094,0.119120168553464
-0.0810810546875,-0.1421552734375,-0.001,0.288,0.765,0.076,-6.216,-0.0563550757772072,0.120077136685127,0.120973714747102
-0.06449609375,-0.0971357421875,-0.001,0.26,0.743,0.076,-5.78,-0.0590400463434881,0.121399865393876,0.133855400797882
-0.0519443359375,-0.054400390625,-0.001,0.198,0.677,0.032,-6.632,-0.0429210274730287,0.129823282297959,0.153319275055249
-0.043435546875,-0.027416015625,-0.008,0.221,0.657,0.064,-6.588,-0.0547808240300532,0.128033305346308,0.153374655264858
-0.0206328125,0.024666015625,-0.007,0.194,0.353,0.04,-7.028,-0.0217616014608851,0.149810960342021,0.170874746023182
0.043125,0.049984375,-0.001,0.285,0.014,0.052,-6.724,-0.0165029821424586,0.159542787664792,0.174541795546397
0.155205078125,0.094009765625,-0.001,0.115,0.224,0.032,-4.436,-0.0206809021191907,0.154540142843218,0.184299602006044
0.172666015625,0.12224609375,-0.001,0.188,0.262,0.076,-4.576,-0.0560955151694897,0.145449213414129,0.183076001916982
0.2087138671875,0.162115234375,0.003,0.232,0.217,0.04,-3.352,-0.0683285542726728,0.145230684801464,0.185555362420808
0.2627919921875,0.1882861328125,-0.001,0.152,-0.001,0.04,-3.488,-0.0313808578781671,0.15751551936478,0.190434123672573
0.3147119140625,0.1484169921875,-0.005,-0.001,-0.273,0.076,-2.564,0.0350949896692455,0.177718949728343,0.181022367975427
0.313990234375,0.1268173828125,0.002,-0.02,-0.337,0.008,-2.612,0.0601270106350421,0.180272738549171,0.1771666755545
0.3088017578125,0.0819638671875,-0.008,-0.056,-0.361,0.04,-2.632,0.0751066952755031,0.185468063729004,0.176210770798159
0.291927734375,-0.071830078125,-0.001,-0.001,-0.167,0.088,-4.16,0.0514321935429584,0.182909962379947,0.184915518702073
0.280251953125,-0.08344921875,-0.001,-0.217,0.008,0.04,-3.652,0.0935215303701369,0.193729998220761,0.183237151443656
0.2599130859375,-0.08365625,-0.007,-0.391,0.018,0.064,-3.328,0.137265163862752,0.202854635357863,0.17578190057951
0.215923828125,-0.08365625,-0.001,-0.418,-0.012,0.032,-4.412,0.160345729433367,0.199432342267156,0.170840288376812
0.1978955078125,-0.08344921875,-0.001,-0.461,-0.001,0.052,-2.38,0.170690727767836,0.197839528749104,0.168573299756303
0.1736669921875,-0.08344921875,0.004,-0.41,0.027,0.052,-3.604,0.159165140729231,0.190038692761629,0.174141708495816
0.16313671875,-0.08365625,-0.001,-0.338,-0.011,0.052,-4.6,0.147816187945594,0.186940945656533,0.177632706635448
0.128234375,-0.08365625,-0.001,-0.255,-0.005,0.052,-4.02,0.131931480143848,0.178733571427578,0.181999987337642
0.1032841796875,-0.08344921875,-0.001,-0.163,0.01,0.088,-4.46,0.105326490677941,0.171981734485909,0.1853609178597
0.097798828125,-0.08365625,0.005,-0.099,-0.001,0.052,-4.692,0.0953596510052293,0.170334675477934,0.184889386164398
0.084380859375,-0.071830078125,-0.004,0.014,0.112,0.108,-4.344,0.0440075684158929,0.161987125370089,0.181553688974334
-0.0425693359375,0.076154296875,-0.001,-0.193,-0.216,0.052,-5.708,0.14968846816714,0.152463723978252,0.169032613468241
-0.0571416015625,0.0562197265625,-0.001,-0.199,-0.292,0.076,-5.476,0.163173356542609,0.148458840744359,0.168178856542547
-0.0865673828125,-0.13302734375,-0.001,-0.001,-0.57,0.04,-7.328,0.179112820807113,0.126695160520728,0.193669550934901
-0.098830078125,-0.27774609375,0.009,-0.146,-0.284,0.052,-6.612,0.201105972584286,0.136985473980911,0.200502967720464
-0.10402734375,-0.2856220703125,0.009,-0.177,-0.295,0.052,-6.448,0.212389225953086,0.134392487868315,0.201548481787166
-0.11758984375,-0.309029296875,-0.001,-0.181,-0.335,0.04,-6.448,0.224812614272848,0.12908527604343,0.205213371331796
-0.1418359375,-0.3755341796875,-0.002,-0.033,-0.238,0.064,-7.768,0.181487194304508,0.134232655590784,0.203941609777266
-0.1422685546875,-0.4119814453125,-0.001,0.01,-0.188,0.064,-7.88,0.168739187729101,0.136969981721595,0.200617132696445
-0.14198046875,-0.4579443359375,-0.001,-0.001,-0.034,0.052,-8.412,0.159556388837541,0.139279124907052,0.19630397521002
-0.14140234375,-0.4734765625,0,-0.01,-0.254,0.052,-9.36,0.189435048733616,0.13229669506487,0.211631205451979
-0.146158203125,-0.5254169921875,-0.001,-0.039,-0.291,0.04,-7.744,0.207935431135651,0.127221591305996,0.222320811391342
-0.13476171875,-0.52500390625,-0.001,0.085,0.238,0.052,-9.016,0.116925596467463,0.140320368676702,0.166990086387553
-0.12696484375,-0.5036875,-0.001,0.111,0.284,0.076,-8.736,0.0997478063862956,0.140417293813474,0.156878632684075
-0.089021484375,-0.43828125,-0.001,0.282,0.382,0.052,-9.016,0.0450284855452556,0.144323290375466,0.117312106837867
-0.0587294921875,-0.4007880859375,-0.001,0.357,0.416,0.076,-9.016,0.0155483272883221,0.143753320560967,0.098148878133319
-0.035638671875,-0.3749140625,-0.001,0.416,0.443,0.064,-7.696,-0.00338209564740172,0.143519626171894,0.0851857456173732
0.0253857421875,-0.3109013671875,0,0.362,0.401,0.064,-7.28,-0.0142171554544801,0.145834563617423,0.106534965963627
0.04687890625,-0.284576171875,-0.005,0.307,0.387,0.108,-7.812,-0.0159058151040491,0.143479431605719,0.118673690781242
0.0641865234375,-0.262615234375,-0.005,0.261,0.354,0.04,-7.004,-0.0029921826431278,0.149514787683393,0.135305965453622
0.081212890625,-0.2373349609375,-0.001,0.248,0.362,0.1,-6.98,-0.0150531515049148,0.145872877942747,0.135974128822214
0.112515625,-0.185498046875,-0.001,0.236,0.37,0.052,-6.912,-0.0217102335149046,0.146937343512533,0.144165399416894
0.0890009765625,-0.0315732421875,-0.001,-0.238,0.083,0.052,-6.008,0.115752880028131,0.170261973936416,0.181710799005025
0.0601435546875,-0.0207802734375,-0.001,0.107,0.085,0.076,-6.24,0.0242416160539355,0.160643287098594,0.178785281032619
0.0351943359375,0.0225869140625,-0.009,-0.24,-0.003,0.088,-5.964,0.124804590379095,0.165301335405182,0.177663902309615
0.02423046875,0.0227939453125,-0.001,-0.283,0.01,0.088,-5.616,0.135794030019707,0.163575598697653,0.175443840373922
0.0017265625,0.0227939453125,-0.004,-0.319,0.001,0.04,-5.892,0.155843192236874,0.160877456621034,0.169888930342616
-0.0607509765625,0.0227939453125,-0.001,-0.211,-0.001,0.076,-6.936,0.13344774473629,0.152535448456465,0.178806359873288
-0.1425576171875,0.0190625,-0.001,-0.185,-0.091,0.076,-8.252,0.151184271932992,0.14065749216715,0.177715205809009
-0.1966708984375,-0.0394619140625,-0.001,-0.201,-0.274,0.04,-8.3,0.198308107516443,0.120315921739081,0.175098525289336
-0.2118212890625,-0.0627021484375,-0.001,-0.168,-0.258,0.088,-9.036,0.187296973464348,0.122209643874925,0.180617609837334
-0.1859873046875,-0.1089619140625,-0.001,0.242,-0.001,0.108,-7.744,0.048612820211003,0.153901333860474,0.165217817167336
-0.1334619140625,-0.1087548828125,-0.001,0.29,-0.001,0.076,-7.096,0.032904765355555,0.157244094843836,0.161193828142009
-0.0021708984375,-0.016623046875,-0.004,0.104,0.431,0.064,-6.424,-0.0081610281731689,0.143911704450003,0.17385847865093
-0.0007275390625,0.00391796875,-0.004,0.004,0.405,0.076,-6.196,0.0166674248547852,0.145004183358658,0.183633240031947
-0.00144921875,0.0248720703125,-0.005,-0.007,0.305,0.076,-6.496,0.0293848623511406,0.150674146568179,0.185232183287011
-0.014578125,-0.012478515625,-0.006,-0.107,-0.325,0.088,-7.048,0.14589671993195,0.155172632064468,0.179554263257551
-0.0305947265625,-0.0452724609375,-0.001,-0.258,-0.46,0.064,-6.656,0.211562603878477,0.143644210299277,0.166770779925396
-0.069693359375,-0.09486328125,-0.001,-0.547,-0.65,0.1,-6.496,0.309265283357056,0.119541241493358,0.12750694805735
-0.08714453125,-0.113119140625,-0.001,-0.601,-0.639,0.064,-7.188,0.327749221000661,0.11061508694307,0.120104859955738
-0.1126806640625,-0.1396640625,-0.001,-0.644,-0.671,0.052,-7.56,0.348005290829255,0.0967792812531217,0.115840791982087
-0.1333173828125,-0.15874609375,0.008,-0.706,-0.655,0.04,-6.888,0.364292270387503,0.0858291555973523,0.108417145291423
-0.2021484375,-0.220951171875,0.009,-0.712,-0.57,0.12,-7.976,0.369360498695916,0.0727356537089338,0.133944171633351
-0.22928125,-0.24271875,0.007,-0.684,-0.566,0.052,-8.32,0.374273939971534,0.0576756879107074,0.140836411589724
-0.2491962890625,-0.2580439453125,-0.001,-0.665,-0.501,0.076,-9.34,0.36673281982336,0.0600449292730593,0.152728119986302
-0.286869140625,-0.28395703125,-0.001,-0.603,-0.396,0.064,-9.132,0.349443727590227,0.0566804239196472,0.172088084590112
-0.3268515625,-0.3057119140625,-0.001,-0.553,-0.225,0.04,-11.004,0.326438019094424,0.0563977873868189,0.187644248832859
-0.34748828125,-0.314,-0.001,-0.517,-0.244,0.1,-10.216,0.315701206652323,0.0554436276043476,0.193978901266012
-0.3764990234375,-0.3218759765625,-0.001,-0.484,-0.111,0.052,-10.796,0.299499912487573,0.0540307203942155,0.1991678754948
-0.42803125,-0.3249873046875,-0.001,-0.485,-0.002,0.052,-11.188,0.289130816635077,0.0444274291741728,0.20203976168444
-0.4703330078125,-0.3249873046875,-0.001,-0.464,-0.017,0.108,-11.812,0.281182251817126,0.0372519310855716,0.204077942219062
-0.5146650390625,-0.3291318359375,-0.001,-0.426,-0.074,0.064,-12.736,0.285940523861082,0.0228829763196403,0.2036057824608
-0.5558125,-0.35088671875,-0.001,-0.353,-0.268,0.04,-12.436,0.295211650980302,0.00142237003208305,0.20767593359635
-0.5874296875,-0.38091796875,-0.001,-0.281,-0.323,0.052,-12.944,0.285699870376535,-0.00333293560192862,0.214444175016961
-0.611982421875,-0.4130146484375,-0.001,-0.269,-0.365,0.052,-12.716,0.289013631955625,-0.0148095698180858,0.220372603799701
-0.6547265625,-0.4921064453125,-0.001,-0.173,-0.419,0.076,-13.06,0.275623291128385,-0.0190442009834155,0.232144664938704
-0.6859208984375,-0.5701015625,-0.001,-0.115,-0.344,0.064,-12.644,0.2638081720994,-0.0152804445278117,0.236343353819837
-0.7309833984375,-0.6075439453125,-0.001,-0.161,0.149,0.1,-13.5,0.226749342824873,0.00730547114056418,0.21490447411455
-0.7451328125,-0.5878935546875,-0.001,-0.129,0.204,0.064,-14.08,0.217725841258199,0.0110287375238606,0.207184398057715
-0.76536328125,-0.5508642578125,-0.001,-0.1,0.242,0.064,-13.892,0.205951337532159,0.0160599493076191,0.198229593832945
-0.7837080078125,-0.522525390625,-0.001,-0.103,0.014,0.052,-13.776,0.229282518427099,-0.00232253609701786,0.210109381268612
-0.8270380859375,-0.524177734375,-0.001,-0.033,-0.014,0.052,-13.756,0.220348032765096,-0.00261841814616122,0.203275935796822
-0.8300703125,-0.5237646484375,-0.001,-0.011,0.012,0.076,-13.824,0.212671805520048,0.00476005419363561,0.197199559286775
-0.82963671875,-0.50638671875,-0.001,-0.001,0.184,0.076,-14.816,0.193064661805629,0.0202703741160024,0.183612536398448
-0.8294921875,-0.4898212890625,-0.001,0.001,0.345,0.032,-15.096,0.178386735889123,0.0284264384102095,0.175305716929433
-0.828048828125,-0.459390625,-0.001,0.034,0.497,0.04,-14.912,0.151932826536668,0.0432719734551175,0.160077438511679
-0.82631640625,-0.43785546875,-0.001,0.042,0.588,0.064,-14.956,0.134244452264923,0.0499433318263573,0.152994167056154
-0.820251953125,-0.3421845703125,-0.01,0.039,0.628,0.064,-14.588,0.118318205658671,0.0612436451569097,0.155431684828308
-0.8170673828125,-0.3005341796875,0.001,0.057,0.584,0.1,-14.956,0.112298198385282,0.0709682330407888,0.154750412259378
-0.810859375,-0.2520537109375,-0.001,0.092,0.398,0.052,-13.892,0.130689318601166,0.0756808556222565,0.160486756533842
-0.7926591796875,-0.2153603515625,-0.001,0.268,0.347,0.032,-14.516,0.105957470918415,0.107039062314183,0.138644695418445
-0.735458984375,-0.18446484375,-0.001,0.564,0.272,0.032,-13.476,0.0612687187978137,0.152194476427144,0.0912097169017371
-0.7106181640625,-0.17803515625,-0.001,0.655,0.127,0.064,-13.292,0.0555219569524882,0.160587832068968,0.0835478262973122
-0.6303271484375,-0.164349609375,-0.001,0.78,0.193,0.04,-15.536,0.0214116434554426,0.178147371300076,0.0531216742913947
-0.58064453125,-0.1564609375,-0.001,0.869,0.104,0.088,-12.716,0.00470594105390329,0.186029944835789,0.0381721698053381
-0.5166865234375,-0.136552734375,-0.006,0.564,0.245,0.088,-8.204,0.0141349594106298,0.167132802875172,0.0960325597392135
-0.4938662109375,-0.1207880859375,-0.01,0.575,0.438,0.064,-11.096,-0.0133137257830065,0.168220730399431,0.08252389568916
-0.4366943359375,-0.082623046875,-0.003,0.612,0.387,0.064,-9.8,-0.030568774074501,0.175814993316676,0.0851469357635927
-0.4014755859375,-0.0612431640625,-0.004,0.558,0.318,0.04,-9.268,-0.0217783827838001,0.173363745088093,0.106975007970525
-0.37534375,-0.0423671875,-0.001,0.507,0.389,0.12,-8.392,-0.0386790466528559,0.169861326109174,0.11052654363846
-0.3502314453125,-0.017875,-0.011,0.409,0.402,0.076,-8.092,-0.0246928940466893,0.161969942870922,0.133833615083101
-0.3396923828125,-0.00666796875,-0.001,0.342,0.38,0.032,-8.968,-0.00558488377183055,0.159843845434292,0.14867278138999
-0.31226953125,0.0288095703125,-0.001,0.202,0.317,0.108,-6.68,0.0154467336580871,0.151486778382351,0.170516991461104
-0.1724248046875,0.1197548828125,-0.001,0.328,0.25,0.12,-9.268,-0.0430488677839539,0.161753284451147,0.171119795750395
-0.1302861328125,0.1542138671875,-0.001,0.37,0.256,0.064,-7.72,-0.058644319120045,0.162552399061838,0.172922063077708
-0.09104296875,0.1880791015625,0.01,0.303,0.271,0.076,-8.6,-0.0564354176222423,0.159638364731305,0.18369880754697
-0.0479013671875,0.23730859375,-0.004,0.235,0.347,0.052,-7.604,-0.0579166403854571,0.152306336907855,0.194722141913053
-0.0290068359375,0.267443359375,-0.002,0.221,0.433,0.032,-7.488,-0.0690054493014428,0.147753113266601,0.200062271984608
-0.009525390625,0.309197265625,-0.002,0.195,0.435,0.076,-6.748,-0.0750878798351503,0.143814626511817,0.208432568435237
0.0012939453125,0.336,-0.001,0.162,0.396,0.04,-6.864,-0.0615627275015992,0.1475095779201,0.211644103602514
0.0105234375,0.3692587890625,-0.001,0.119,0.504,0.052,-6.956,-0.0684772114167283,0.139178982790834,0.219883135448287
0.0305830078125,0.454470703125,-0.002,0.05,0.371,0.076,-5.824,-0.048192865458834,0.14579546641848,0.225855324394557
0.0324599609375,0.4771298828125,-0.002,0.015,0.309,0.052,-5.824,-0.0317669278205669,0.150674830238657,0.221552657968051
0.0334609375,0.522240234375,-0.001,0.022,0.164,0.052,-5.892,-0.0215067687107355,0.156669387590822,0.218048261412239
0.048169921875,0.53596484375,-0.002,0.145,-0.001,0.088,-5.848,-0.0399716868729098,0.158470795272065,0.224121886457723
0.03994921875,0.43431640625,-0.006,-0.189,-0.524,0.064,-5.872,0.111907768787729,0.151541829192494,0.134938667208203
0.00880078125,0.3534560546875,0.007,-0.302,-0.734,0.052,-5.94,0.171671225818392,0.130246573413218,0.100595708310658
-0.0102470703125,0.3102294921875,-0.009,-0.346,-0.804,0.088,-6.796,0.194820989509938,0.126623535810344,0.0923650464394983
-0.07532421875,0.176033203125,-0.002,-0.429,-0.834,0.076,-8.204,0.248773541419843,0.105073848553997,0.0889244530358548
-0.1336064453125,0.074076171875,-0.001,-0.462,-0.761,0.052,-8.76,0.278686823703336,0.0913847027748068,0.101707757661443
-0.15164453125,0.0445869140625,-0.001,-0.431,-0.717,0.144,-8.6,0.270708157109533,0.0997837733265297,0.120943868123956
-0.2031591796875,-0.056478515625,-0.001,-0.245,-0.428,0.1,-9.872,0.224221777647412,0.110691833176297,0.171503800538255
-0.21947265625,-0.0886396484375,-0.001,0.105,0.03,0.04,-9.708,0.0894297171386116,0.144025595741365,0.178136600140192
-0.12091015625,0.0358720703125,-0.001,0.131,0.408,0,-7.512,0.00563752828838307,0.149434611912192,0.177165198117928
-0.089166015625,0.210298828125,-0.007,-0.362,-0.215,0.064,-7.996,0.173081089652791,0.144947392185962,0.138597273242022
-0.1131142578125,0.200125,0,-0.431,-0.114,0.052,-8.02,0.182657714901877,0.140486712326479,0.135016813224548
-0.1294189453125,0.1926494140625,-0.001,-0.414,-0.234,0.076,-8.344,0.193382885644652,0.135240644715536,0.131065636426123
-0.17184765625,0.1797646484375,-0.001,-0.424,-0.132,0.108,-8.784,0.189254824997333,0.130686783990214,0.141188581054504
-0.19594921875,0.176033203125,-0.001,-0.387,-0.014,0.1,-8.6,0.172283014895498,0.129498808993882,0.155000544456903
-0.22581640625,0.1749873046875,-0.001,-0.248,-0.019,0.052,-8.992,0.149747145155,0.13024671231541,0.167842458211543
-0.2470302734375,0.18163671875,-0.001,-0.083,0.066,0.064,-9.016,0.0986924168518012,0.139547172122407,0.185403538900488
-0.25020703125,0.1934765625,-0.001,-0.034,0.198,0.076,-8.944,0.0660828235309076,0.1437246887427,0.192515342290146
-0.2580029296875,0.250607421875,-0.011,-0.035,0.277,0.04,-8.76,0.0551233447766772,0.143980985048097,0.196906857956372
-0.291921875,0.301501953125,-0.001,-0.202,-0.054,0.052,-8.852,0.133506479878884,0.127502448786692,0.168199957990353
-0.31255859375,0.2931875,-0.001,-0.146,-0.089,0.088,-9.568,0.124847012759824,0.12868985698231,0.175337650600579
-0.3228095703125,0.2792822265625,-0.001,-0.001,-0.013,0.064,-10.1,0.0868956493007285,0.140061558585033,0.190489073325912
-0.3150126953125,0.2796953125,-0.002,0.027,-0.001,0.064,-10.008,0.0773466210093526,0.143367924434314,0.192690547412395
-0.3281513671875,0.2796953125,0,-0.095,-0.001,0.064,-9.94,0.108735377355588,0.132324645190716,0.18365718755943
-0.39324609375,0.28946875,0.006,-0.337,0.117,0.052,-11.628,0.156988327325143,0.106100336040694,0.162912766379888
-0.4114375,0.30046875,-0.001,-0.315,0.213,0.064,-11.444,0.141151929975556,0.108023090101871,0.173989288058592
-0.433662109375,0.3210361328125,-0.001,-0.297,0.34,0.088,-11.56,0.119898961692354,0.108239680458072,0.187601985806772
-0.46426953125,0.3646748046875,-0.001,-0.236,0.448,0.032,-12.436,0.0980282428584466,0.113071434127556,0.198537188455291
-0.498775390625,0.4345234375,-0.001,-0.178,0.394,0.02,-12.392,0.0895503709127602,0.120690631343158,0.203523483533651
-0.5162529296875,0.471513671875,-0.001,-0.129,0.284,0.108,-12.436,0.080783263558337,0.127526608172959,0.210340255441763
-0.5308349609375,0.5089423828125,-0.001,-0.035,0.047,0.064,-12.276,0.0905852858891542,0.132055763163546,0.203473737026758
-0.532423828125,0.5097685546875,-0.001,-0.029,-0.001,0.02,-12.252,0.0988489506376824,0.127823175275592,0.19770005798248
-0.498486328125,0.4534248046875,0.006,0.197,-0.176,0.076,-10.84,0.0648636252627342,0.147093829019036,0.211905233122566
-0.490978515625,0.4501064453125,-0.001,0.186,-0.065,0.12,-10.632,0.0493468094271274,0.156178350453109,0.216632377852439
-0.47841796875,0.4490615234375,-0.001,0.227,-0.001,0.108,-11.028,0.0313922813597069,0.164226789500421,0.22026172621651
-0.420388671875,0.44221875,-0.001,0.183,-0.122,0.04,-11.12,0.0552401917301897,0.1504562560478,0.210031460110258
-0.3629365234375,0.4251630859375,-0.002,0.253,-0.009,0.052,-10.1,0.0158142386963965,0.165370787338907,0.216057599636896
-0.3245419921875,0.42454296875,0.001,0.273,-0.003,0.108,-9.36,-0.00317762737963252,0.170333337405932,0.218606025103126
-0.2732978515625,0.416435546875,-0.001,0.23,-0.132,0.052,-7.976,0.0234116136670619,0.159583067705395,0.210938249873056
-0.2546826171875,0.399392578125,-0.001,0.245,-0.276,0.04,-7.768,0.0375734042653788,0.152002381046017,0.206735313900435
-0.2051796875,0.3019150390625,-0.001,0.194,-0.525,0.008,-7.58,0.0856029134768603,0.127733042865058,0.192524810230248
-0.1986923828125,0.287390625,-0.001,0.221,-0.508,0.032,-7.144,0.0754725219290727,0.132889357115076,0.19497318309437
0.01846484375,-0.08137109375,-0.001,-0.137,-0.321,0.052,-5.592,0.161813532003084,0.158618473679381,0.182320879300889
0.0034580078125,-0.1199619140625,-0.001,-0.13,-0.387,0.052,-6.516,0.176054878714396,0.153532611906112,0.185845087969424
-0.016599609375,-0.1987705078125,-0.001,-0.011,-0.33,0.088,-6.956,0.145271990792778,0.154400558213628,0.193130310060926
0.006634765625,-0.3440439453125,0.003,0.004,-0.355,0.076,-8.276,0.159426260779377,0.15628206427179,0.203962678346563
0.0021591796875,-0.393544921875,-0.007,-0.01,0.014,0.052,-5.568,0.126332091501266,0.160419896940727,0.191422306034452
-0.0004384765625,-0.2810517578125,0.011,-0.001,0.575,0.12,-5.456,0.0333359989140979,0.130623708687841,0.165103213588794
-0.0005830078125,-0.242099609375,-0.006,-0.007,0.701,0.1,-5.456,0.0198005581118549,0.118960191354197,0.165491292136514
-0.0010166015625,-0.1767958984375,-0.009,0.009,0.748,0.052,-5.5,0.00678632301977162,0.118280693740011,0.167130067201362
-0.00116015625,-0.103578125,0.004,-0.01,0.697,0.088,-5.132,0.00120218817709608,0.121339883773368,0.175696866841551
-0.0008720703125,-0.074115234375,0.002,0.003,0.739,0.088,-5.756,-0.0101757326795624,0.117039330517121,0.176319776633013
-0.0044716796875,-0.003556640625,-0.001,-0.065,0.526,0.076,-5.34,0.0223922601209841,0.136618096553241,0.187877064225659
-0.1097939453125,-0.025556640625,0.004,-0.261,0.006,0.052,-6.864,0.162344091612293,0.143084057273673,0.178019978277629
-0.17213671875,-0.025556640625,-0.001,-0.002,-0.005,0.02,-7.58,0.109221684621173,0.143725998335881,0.183287364923226
-0.1673720703125,-0.13094921875,-0.001,-0.033,-0.088,0.02,-6.288,0.141523318615742,0.138382933859844,0.186340202359873
-0.173146484375,-0.3098564453125,-0.005,-0.026,-0.916,0.064,-6.056,0.243779334165615,0.0734404248858268,0.220844984775772
-0.180509765625,-0.4432392578125,0.003,-0.059,-1.167,0.04,-7.028,0.277053406106185,0.032850711822851,0.248642321304384
-0.18180078125,-0.4906474609375,-0.001,-0.023,-1.202,0.076,-7.256,0.270277457642473,0.0344383463240723,0.257909069676812
-0.1813671875,-0.5630654296875,-0.002,0.013,-1.192,0.032,-8.484,0.264514006599798,0.0314272603125223,0.270331728331095
-0.1807900390625,-0.66875390625,-0.001,0.016,-1.148,0.04,-8.552,0.266310284939149,0.0376502597595429,0.286770518963583
-0.17935546875,-0.737982421875,-0.001,0.024,-0.962,0.04,-8.228,0.260038651754717,0.0610265419152693,0.288906451458492
-0.1750234375,-0.7892265625,-0.001,0.082,-0.638,0.02,-8.068,0.232408280121014,0.0961375171780456,0.267203066686312
-0.1294189453125,-0.82083203125,-0.001,0.273,0.138,0.076,-7.768,0.142899962178949,0.140238043470422,0.141195783573202
-0.0978193359375,-0.7966630859375,0.008,0.228,0.205,0.088,-7.028,0.133105727963585,0.14352918032984,0.14216012849086
-0.0903212890625,-0.788400390625,-0.001,0.175,0.192,0.064,-6.956,0.139790954860438,0.144061116508725,0.15889484944759
-0.07978125,-0.69540234375,0,-0.159,0.306,0.064,-7.028,0.170327575456061,0.138256667531737,0.213820850247274
-0.0926220703125,-0.6745380859375,-0.001,-0.21,0.282,0.108,-7.188,0.178176201377969,0.135008634612968,0.220163120904233
-0.10431640625,-0.662337890625,-0.007,-0.251,0.245,0.032,-7.58,0.201765925735912,0.135128586648435,0.230962791974779
-0.11008203125,-0.6590322265625,0.003,-0.291,0.158,0.076,-7.164,0.216578347397968,0.133882612807222,0.238157992817767
-0.1366376953125,-0.6491171875,0.005,-0.276,0.055,0.052,-7.928,0.231839884921919,0.129041697657146,0.241091024698262
-0.160017578125,-0.6491171875,-0.001,-0.193,-0.001,0.052,-8.576,0.222349496923727,0.126539742304418,0.234563762426768
-0.2093671875,-0.6710263671875,-0.001,-0.091,-0.133,0.064,-9.664,0.2208237451028,0.116921454908529,0.231938861578318
-0.22033984375,-0.685693359375,-0.001,-0.117,-0.152,0.052,-9.8,0.232465038898052,0.111719054202122,0.239338173023242
-0.26103515625,-0.7045048828125,-0.001,-0.125,0.013,0.032,-10.264,0.224136841763768,0.106005780592836,0.231772201946643
-0.266232421875,-0.7047109375,-0.001,-0.015,-0.013,0.052,-10.54,0.202945573647115,0.110889777498756,0.214538226910721
-0.26854296875,-0.6747451171875,0.001,-0.012,0.393,0.088,-10.724,0.151400341657109,0.109211013038909,0.17612113184865
-0.2688310546875,-0.6211904296875,-0.006,0.001,0.746,0.088,-11.004,0.104445001321194,0.0910439220972743,0.149823229893185
-0.2691201171875,-0.561826171875,-0.001,-0.011,0.958,0.052,-10.864,0.0799678057383302,0.0781452060728847,0.145110767578963
-0.27128515625,-0.48092578125,-0.002,-0.051,1.126,0.052,-10.496,0.0595557726806453,0.0624722068287974,0.152136133517078
-0.276185546875,-0.428958984375,-0.008,-0.118,1.041,0.052,-10.08,0.0728560467969758,0.0689183111422799,0.170184157258697
-0.2808056640625,-0.3995478515625,-0.001,-0.16,0.986,0.076,-9.872,0.0804606007767978,0.0711890220308808,0.179272032671888
-0.28903515625,-0.364146484375,0.005,-0.221,0.897,0.02,-9.384,0.105316998815555,0.0805135849397164,0.191196911403365
-0.3170341796875,-0.286861328125,-0.001,-0.203,0.416,0.052,-9.036,0.150638193118656,0.104085348871594,0.193706728218538
-0.325552734375,-0.2816845703125,-0.001,-0.227,0.091,0.052,-10.08,0.200959826768765,0.100131461832404,0.197750990537344
-0.365390625,-0.2945302734375,-0.002,-0.353,-0.33,0.076,-9.872,0.286858298089575,0.057802962603678,0.198406427175467
-0.4254326171875,-0.3734677734375,-0.002,-0.298,-0.56,0.064,-11.256,0.307221325078384,0.0192247697220467,0.215285676791209
-0.4342392578125,-0.3902392578125,-0.001,-0.287,-0.632,0.076,-11.696,0.310854984508037,0.0102894226068489,0.219762832957402
-0.455318359375,-0.4285458984375,-0.001,-0.318,-0.55,0.008,-11.88,0.320437941468384,-3.993999683808e-06,0.225581031638903
-0.4817392578125,-0.4829921875,-0.001,-0.274,-0.543,0.04,-12.276,0.311091018730052,-0.000610468237126624,0.237001980878029
-0.5042705078125,-0.5285283203125,-0.001,-0.222,-0.426,0.052,-12.62,0.291894844327194,0.0114947818287772,0.240697873308452
-0.5291025390625,-0.5717548828125,-0.001,-0.11,-0.026,0.032,-13.36,0.234761017306749,0.0485323002481576,0.218736589546709
-0.5327119140625,-0.572994140625,-0.001,-0.064,0.03,0.108,-13.2,0.211762727438427,0.0606624591116289,0.205070005270076
-0.53372265625,-0.57216796875,-0.001,-0.01,0.099,0.064,-13.408,0.198672209422647,0.0670155562188498,0.194514919509976
-0.533578125,-0.5537568359375,-0.001,-0.011,0.237,0.064,-13.548,0.181187707212217,0.0723455453664854,0.184195764050419
-0.5328564453125,-0.524177734375,-0.001,0.026,0.47,0.032,-12.9,0.147091365016974,0.0798603970406644,0.163479709270725
-0.5279482421875,-0.495412109375,-0.001,0.115,0.484,0.076,-12.6,0.121428052194216,0.091041917132428,0.142093489603302
-0.444634765625,-0.38485546875,-0.001,0.557,0.535,0.052,-11.768,0.0333006941634499,0.136449056161833,0.0419873712702336
-0.373611328125,-0.3388671875,0.004,0.562,0.346,0.088,-9.64,0.025635139435824,0.149989439252574,0.0604311109601625
-0.332337890625,-0.315666015625,-0.001,0.612,0.347,0.12,-9.016,0.00485794992333177,0.15333229947367,0.0478846193070842
-0.27401953125,-0.2835439453125,-0.01,0.607,0.31,0.076,-8.068,-0.00422785074962691,0.155719189516572,0.0609598934951265
-0.25684765625,-0.274841796875,0.004,0.571,0.303,0.064,-8.668,-0.00240393434992253,0.158075637321722,0.0721470556052794
-0.2173076171875,-0.2541064453125,0.002,0.553,0.286,0.032,-6.796,-0.00618341886153899,0.158980657287532,0.0832695600863439
-0.1654951171875,-0.224888671875,0.003,0.498,0.27,0.064,-6.748,-0.0138374439868051,0.158018578111344,0.0974067420432037
-0.0347724609375,-0.30240625,-0.001,0.127,-0.404,0.052,-6.172,0.13735271511114,0.147387121424535,0.197050869775535
-0.0080810546875,-0.3844423828125,-0.001,0.191,-0.576,0.076,-6.008,0.142252819421238,0.142708061322976,0.205676452738325
0.000572265625,-0.413220703125,-0.009,0.168,-0.596,0.008,-5.756,0.159019735102859,0.137764416596626,0.214920528945052
0.0250966796875,-0.507212890625,-0.002,0.177,-0.675,0.052,-5.408,0.165357288322365,0.139011109533741,0.224281674066696
0.0441357421875,-0.57361328125,-0.001,0.155,-0.58,0.1,-5.64,0.161204894459224,0.152610254280684,0.222492868225379
0.139919921875,-0.6400146484375,-0.001,0.271,0.009,0.032,-4.6,0.0827326505351295,0.173412327225395,0.155072623244944
0.15405078125,-0.6400146484375,-0.011,0.288,-0.001,0.088,-5.04,0.0740449314310843,0.17276519497448,0.146986915631066
0.187365234375,-0.6400146484375,-0.001,-0.001,-0.001,0.032,-3.58,0.125129435511996,0.18687899889565,0.207483068149853
0.1955849609375,-0.6398076171875,-0.001,0.112,-0.015,0.076,-4.368,0.0981313709419401,0.182958287183786,0.18536213396994
0.19876171875,-0.6396015625,-0.001,0.154,0.012,0.064,-3.86,0.0885961327299379,0.181197858299385,0.175730663922747
0.2485166015625,-0.6398076171875,-0.001,0.444,-0.036,0.052,-3.768,0.0414268957742861,0.175940430117359,0.119011397881149
0.3699443359375,-0.6360771484375,-0.007,0.475,-0.013,0.04,-2.54,0.015536343523813,0.177081203588302,0.110339237353216
0.4038271484375,-0.634630859375,-0.001,0.389,0.008,0.088,-0.716,0.0140394248813261,0.180091038132481,0.122724207063733
0.4828369140625,-0.6340107421875,-0.002,0.356,-0.018,0.076,0.252,0.00606759524077127,0.184126743938533,0.134635255438488
0.4962451171875,-0.6342177734375,-0.001,0.312,-0.04,0.088,1.016,0.00968994382198076,0.187845378576157,0.145692031092611
0.51528515625,-0.6338046875,-0.001,0.261,-0.02,0.076,1.108,0.0125545447897851,0.191445274019931,0.155739449505629
0.528251953125,-0.6338046875,-0.001,0.182,-0.011,0.088,1.384,0.0198825801019401,0.197274617129924,0.170049743079031
0.559689453125,-0.63359765625,-0.001,0.079,0.019,0.1,1.456,0.026303506777358,0.205270003257115,0.186204584070757
0.5631455078125,-0.6338046875,-0.001,0.03,-0.016,0.064,1.572,0.0400908592395004,0.215009225416037,0.200709322898319
0.5853515625,-0.6338046875,0.003,0.155,0,0.108,2.424,0.00985560855363591,0.199049951927621,0.172575798810437
0.6461875,-0.63359765625,-0.001,0.21,-0.001,0.032,2.612,-0.00376593199733619,0.19787064961793,0.168606094293213
0.6620419921875,-0.6338046875,-0.001,0.246,-0.016,0.088,2.148,-0.0148076797705244,0.1918172667432,0.157341544405671
0.6904384765625,-0.6325654296875,-0.001,0.294,0.003,0.04,1.872,-0.0240942078285536,0.187888309628445,0.149779914312854
0.699091796875,-0.6307060546875,-0.001,0.285,0.059,0.088,3.628,-0.0310658472970088,0.18196924579319,0.140819465488348
0.7246103515625,-0.6271943359375,0.009,0.195,-0.015,0.088,2.82,-0.0217682862326318,0.19576991383777,0.167414103914938
0.7345537109375,-0.627607421875,-0.001,0.078,-0.034,0.1,3.328,-0.00660844057696643,0.210497252153757,0.190778161165939
0.729943359375,-0.6333916015625,-0.001,-0.093,-0.101,0.064,4.068,0.0309489134124205,0.243065615378629,0.225847076419529
0.711201171875,-0.65407421875,-0.001,-0.135,-0.108,0.032,3.12,0.0480860810621446,0.252648778194832,0.235991633338788
0.656419921875,-0.6702001953125,0.007,-0.146,-0.052,0.064,2.356,0.0563444707018037,0.245759141979964,0.233387989572012
0.6422890625,-0.6784638671875,0.004,-0.166,-0.115,0.064,2.056,0.0701838442121752,0.252544880857881,0.24129201798149
0.62211328125,-0.6923037109375,0.002,-0.191,-0.151,0.088,2.68,0.0819491084640744,0.256143621145283,0.247260147512377
0.5940048828125,-0.7065703125,-0.005,-0.267,-0.132,0.076,0.808,0.104286223625058,0.26451889464898,0.257504580403673
0.5674677734375,-0.7158662109375,-0.001,-0.443,-0.128,0.12,2.08,0.143473968073391,0.282784022850639,0.272945283278599
0.525517578125,-0.7245556640625,-0.001,-0.487,-0.041,0.076,1.732,0.160695591525396,0.27898171160494,0.275578321465779
0.4713046875,-0.726001953125,0.011,-0.5,-0.051,0.064,1.432,0.181664114460077,0.271224926553193,0.277016614574275
0.4307900390625,-0.7264150390625,0.001,-0.455,-0.059,0.12,0.184,0.175744423474164,0.257843144957162,0.273254361458552
0.3901298828125,-0.7251748046875,0.011,-0.421,-0.032,0.076,-0.6,0.180443052246097,0.246567788624783,0.270071493650751
0.319900390625,-0.723109375,-0.005,-0.403,0.025,0.052,-1.848,0.188856554334906,0.231704040502509,0.26684312014555
0.2545712890625,-0.7235224609375,-0.006,-0.375,0.005,0.088,-2.728,0.194842966360739,0.216811890194924,0.263817719674692
0.23136328125,-0.72331640625,-0.008,-0.395,0.027,0.064,-3.652,0.204944148601987,0.213432214236283,0.265668212471457
0.2013603515625,-0.72331640625,-0.002,-0.384,0.001,0.052,-3.444,0.213278151866557,0.207324573577893,0.266076892963743
0.157515625,-0.72331640625,-0.001,-0.333,-0.015,0.064,-3.976,0.210220628068577,0.195895411520135,0.261177050182558
0.11208203125,-0.7226962890625,0.002,-0.332,0.024,0.064,-4.736,0.213735009622422,0.184970495389891,0.25888420586165
0.0634638671875,-0.712974609375,-0.001,-0.313,0.045,0.064,-4.784,0.214766612334119,0.173816022162617,0.254225766105377
0.031015625,-0.7034716796875,-0.001,-0.269,0.126,0.076,-5.64,0.19786590644458,0.164202886172219,0.242394883329226
-0.0154443359375,-0.687345703125,0.007,-0.306,0.09,0.076,-6.612,0.217041019590015,0.155090041048947,0.246835195606733
-0.05454296875,-0.67061328125,-0.001,-0.286,0.147,0.04,-6.38,0.214578494918149,0.14661760577377,0.241067368430073
-0.1522216796875,-0.5777578125,-0.001,-0.197,0.285,0.076,-8.16,0.177019273142521,0.126573122404631,0.211623921514413
-0.1969599609375,-0.5324404296875,-0.001,-0.28,0.173,0.052,-7.996,0.215296654461818,0.117248963464421,0.222805531889921
-0.2636337890625,-0.4202578125,-0.001,0.035,0.324,0.132,-9.06,0.108632481377248,0.123492667394609,0.165584669407585
-0.2611796875,-0.3788525390625,0.003,0.01,0.459,0.076,-8.736,0.097901117915658,0.120723972021862,0.165691864895523
-0.26103515625,-0.2949443359375,-0.01,0.01,0.622,0.076,-8.784,0.066071849615857,0.11479276272805,0.162471382055422
-0.26132421875,-0.2667587890625,-0.01,-0.01,0.545,0.02,-8.644,0.0829019204828752,0.12116210655067,0.170312227554554
-0.2711416015625,-0.1577138671875,-0.001,-0.019,0.489,0.064,-9.224,0.0723746231009929,0.125439970264602,0.176039401196186
-0.2780625,-0.08344921875,-0.007,-0.069,0.338,0.076,-9.824,0.0947579744945262,0.127869004210768,0.184234053345082
-0.28513671875,-0.0712099609375,-0.001,-0.14,0.241,0.064,-9.616,0.126967621781979,0.123591705071299,0.186716975715537
-0.32309765625,-0.0643544921875,-0.001,-0.294,-0.046,0.032,-10.172,0.211496057988395,0.098370587277575,0.176703298126059
-0.3756328125,-0.0666396484375,-0.001,-0.469,-0.006,0.04,-10.288,0.252174933643994,0.0730243578492905,0.164749674945877
-0.4453564453125,-0.0737021484375,-0.001,-0.493,-0.045,0.108,-11.444,0.26032488824046,0.0540602080410786,0.165353353116529
-0.51596484375,-0.086767578125,-0.001,-0.463,-0.088,0.076,-12.228,0.266681888155681,0.0335839229634857,0.165809388701396
-0.5597099609375,-0.09465625,-0.001,-0.367,-0.051,0.04,-12.504,0.247942146951184,0.0340449669103425,0.174901368915855
-0.56981640625,-0.0961025390625,-0.001,-0.34,-0.052,0.088,-12.784,0.237739404548277,0.0386654108551836,0.178845104164079
-0.5908955078125,-0.096515625,-0.001,-0.197,0.006,0.052,-12.944,0.204382786346826,0.0559192806820185,0.184730946504888
-0.5955146484375,-0.096515625,-0.001,0.054,-0.005,0.04,-14.008,0.152030971713813,0.0906270984823072,0.181510425394401
-0.5764580078125,-0.096515625,-0.001,0.301,-0.001,0.076,-13.152,0.093297852475068,0.130449619943412,0.160831401929075
-0.5506142578125,-0.096515625,-0.001,0.47,0.012,0.04,-12.644,0.058824407775871,0.15174970630378,0.139862248000883
-0.52982421875,-0.0961025390625,-0.001,0.535,-0.001,0.1,-13.084,0.0388806025038644,0.162842699899597,0.126554397282545
-0.476396484375,-0.0929912109375,-0.004,0.543,0.046,0.076,-12.876,0.0255832402739894,0.165812552180165,0.123496454275346
-0.3851611328125,-0.0790859375,-0.004,0.473,0.109,0.088,-11.696,0.0131238251948864,0.164773012401189,0.131490932087648
-0.341857421875,-0.07037109375,-0.007,0.408,0.081,0.04,-10.632,0.0269912381360304,0.158711872918656,0.146933108585794
-0.33031640625,0.087154296875,-0.001,-0.402,-0.001,0.04,-10.632,0.20977955155951,0.0976429217392274,0.156086003492364
-0.3720234375,0.087154296875,-0.003,-0.434,-0.001,0.088,-11.004,0.215842982177432,0.0881903257037858,0.155647323147338
-0.398298828125,0.087154296875,-0.001,-0.443,-0.001,0.04,-11.048,0.224813801483156,0.0794388298365378,0.150944997265274
-0.44983203125,0.087154296875,-0.001,-0.505,-0.001,0.04,-12.044,0.241357214402428,0.0616133205713349,0.142431738616701
-0.4973310546875,0.0869482421875,0.006,-0.554,-0.001,0.052,-11.212,0.251797146769257,0.0448006465569379,0.136155469272741
-0.546572265625,0.0869482421875,-0.001,-0.462,-0.001,0.052,-12.716,0.236731687693538,0.0437492093150862,0.149349674087671
-0.5636083984375,0.0869482421875,-0.001,-0.413,0.01,0.04,-12.6,0.227754800094944,0.0457390912118006,0.155482360738628
-0.5975361328125,0.0869482421875,-0.001,-0.291,-0.001,0.064,-12.668,0.203344848907377,0.0556093740302162,0.169328128876569
-0.649240234375,0.073869140625,-0.001,-0.032,-0.137,0.108,-13.708,0.164279288065547,0.0774402635253494,0.183164846471881
-0.6488076171875,0.0163642578125,-0.001,0.019,-0.356,0.04,-13.776,0.185498574076589,0.0521712334094935,0.183520976721915
-0.6153037109375,-0.0624951171875,-0.001,0.189,-0.194,0.04,-12.924,0.140705153409051,0.0949413807972647,0.180993728233293
-0.47538671875,-0.075767578125,-0.001,0.231,-0.001,0.032,-11.88,0.0972897647108516,0.130142121052074,0.17078425620096
-0.42846484375,-0.051908203125,-0.001,-0.001,0.193,0.052,-11.188,0.115291284811324,0.119285492512915,0.18194876114595
-0.4290419921875,0.058091796875,-0.001,-0.023,-0.001,0.02,-11.904,0.1365697692822,0.113808255612319,0.183280226839923
-0.451853515625,0.058091796875,0.001,-0.202,-0.015,0.064,-11.696,0.177974441175387,0.0918770863356928,0.17691012601859
-0.4918447265625,0.058298828125,-0.001,-0.289,-0.009,0.064,-11.512,0.200539430221811,0.0745750030067071,0.170782700705383
-0.543251953125,0.058298828125,-0.001,-0.219,-0.001,0.04,-12.484,0.190436167596677,0.0723306159961604,0.175286314979
-0.5833876953125,0.058091796875,0.003,0.028,-0.001,0.12,-12.552,0.129955733752632,0.106397437594806,0.185248854159145
-0.494876953125,0.0709638671875,-0.001,0.421,0.051,0.1,-13.708,0.0246935939324208,0.167707260931979,0.161780856870416
-0.4613818359375,0.0742822265625,0.001,0.359,0.029,0.052,-13.36,0.0408341917537866,0.15854376261525,0.170748040402418
-0.376642578125,0.1587841796875,-0.006,0.472,-0.015,0.052,-12.644,-0.00527714680704031,0.17375695253922,0.1739575392168
-0.349654296875,0.1594169921875,-0.012,0.474,0.042,0.076,-11.536,-0.0207006006180141,0.175858345608847,0.170648877381191
-0.1741572265625,0.158578125,-0.004,0.452,-0.014,0.052,-8.692,-0.0352508004938125,0.168558599702464,0.175583313693883
0.0038916015625,0.1210068359375,0.005,0.072,-0.152,0.088,-5.848,0.0540073996880937,0.160771120123656,0.18594972103152
-0.2753193359375,0.473798828125,-0.001,-0.219,0.457,0.088,-10.172,0.0523412782730253,0.131851544983855,0.211457831707316
-0.2842705078125,0.4952177734375,-0.001,-0.232,0.582,0.052,-9.824,0.0450508025347739,0.126462088168687,0.217726472078653
-0.311259765625,0.566111328125,-0.001,-0.189,0.597,0.088,-10.172,0.0269582476786679,0.127973989554549,0.232806060091682
-0.317755859375,0.585865234375,-0.001,-0.156,0.444,0.076,-10.008,0.035185492246932,0.138644250493431,0.226000798280661
-0.2891787109375,0.61642578125,-0.001,0.013,0.018,0.064,-9.64,0.0379500063807838,0.155754663781684,0.216301606143166
-0.2532392578125,0.4170546875,0.011,0.301,0.035,0.008,-8.3,-0.0141559188872615,0.170081920537968,0.216566906495865
-0.2135537109375,0.4172744140625,0.009,0.299,0.058,0.032,-8.412,-0.0265831115538398,0.170133423268637,0.217333241294692
-0.0960869140625,0.40313671875,-0.001,0.077,-0.063,0.052,-7.672,0.0263668612189813,0.15865064900366,0.200913464376179
-0.13476171875,0.391904296875,-0.006,-0.224,-0.128,0.12,-7.836,0.104948822280414,0.148843609911874,0.164490328288672
-0.139525390625,0.389619140625,-0.001,-0.242,-0.118,0.032,-8.044,0.117175307455916,0.145044846013925,0.154939102635599
-0.1986923828125,0.33828515625,-0.001,-0.231,-0.227,0.088,-9.152,0.137628011060675,0.13501900672813,0.153992554236464
-0.18483203125,0.351376953125,-0.001,0.23,0.159,0.032,-9.316,-0.0201583964133482,0.164320958102875,0.20891188430558
-0.1594404296875,0.3677998046875,-0.001,0.279,0.134,0.052,-8.784,-0.0382584412163451,0.166234481179875,0.211346238408511
-0.05093359375,0.334966796875,-0.001,0.02,0.347,0.076,-7.672,-0.0134106472950185,0.149538049256699,0.210054252731082
-0.0505009765625,0.3692587890625,0,0.001,0.478,0.076,-6.912,-0.0271618290331386,0.141903633165962,0.218538568980577
0.05293359375,0.3775732421875,0.006,-0.061,-0.25,0.02,-6.564,0.0662090535684148,0.160168731723444,0.173111459229181
0.0444248046875,0.356580078125,-0.001,-0.124,-0.208,0.052,-6.912,0.0763618387926903,0.162403381857472,0.16853377856815
0.031015625,0.334966796875,0.011,-0.164,-0.207,0.032,-6.772,0.0925719302996974,0.160482886956458,0.161804098968406
0.0313046875,0.4170546875,-0.001,0.219,0.539,0.076,-6.912,-0.10984242273805,0.132255343904478,0.228166602874695
0.068083984375,0.488775390625,-0.001,0.363,0.61,0.052,-6.588,-0.165048144155722,0.120613616770182,0.238643878776292
0.0982314453125,0.5428203125,-0.002,0.371,0.728,0.12,-6.404,-0.191311532786344,0.0964124207263941,0.255244556062107
0.132701171875,0.608111328125,-0.007,0.314,0.653,0.076,-4.46,-0.171971241294374,0.103060590403024,0.269971974435802
0.14799609375,0.6382578125,-0.004,0.301,0.547,0.064,-4.716,-0.161135093734196,0.112821591451681,0.272996128801012
0.1580927734375,0.659044921875,-0.002,0.239,0.51,0.108,-4.02,-0.14697085348172,0.113919282214959,0.276781738302131
0.1758330078125,0.6856669921875,-0.012,0.232,0.216,0.032,-4.16,-0.11104616637725,0.13779293882257,0.26113521592039
0.1857763671875,0.688998046875,-0.001,0.183,0.024,0.088,-3.628,-0.0856783208591413,0.146612489150093,0.248846185010207
0.1932841796875,0.686080078125,-0.001,0.108,-0.086,0.076,-3.188,-0.055737501453536,0.152780143475494,0.229928358517684
0.15737109375,0.3638486328125,-0.001,-0.189,-0.048,0.064,-5.64,0.0508093903657672,0.170673605690229,0.171047875112487
-0.0311728515625,0.412484375,-0.001,-0.546,-0.057,0.1,-9.152,0.140851138822615,0.156659285710877,0.108505291149463
-0.0999853515625,0.4014716796875,0.008,-0.662,-0.115,0.052,-9.384,0.176611852772242,0.14191273206359,0.0707173000762187
-0.139380859375,0.392330078125,-0.001,-0.676,-0.185,0.076,-10.612,0.18963184447496,0.134984341569231,0.0625633023642682
-0.1799326171875,0.3798583984375,-0.001,-0.676,-0.226,0.1,-10.54,0.199484374113245,0.126346132848612,0.0616971848574097
-0.2067685546875,0.3692587890625,-0.001,-0.668,-0.273,0.052,-11.396,0.209782837440351,0.116733754907936,0.0535734652692934
-0.2463173828125,0.35055078125,-0.001,-0.649,-0.333,0.052,-11.372,0.220512251188802,0.104666972424581,0.0534145833126645
-0.3025966796875,0.3172919921875,-0.001,-0.617,-0.397,0.088,-11.488,0.232780127521283,0.0891131498508511,0.0618548610092358
-0.3261298828125,0.30004296875,-0.001,-0.582,-0.451,0.064,-12.088,0.239075186595024,0.078112392788373,0.0643321356403733
-0.35831640625,0.2732529296875,-0.001,-0.52,-0.473,0.088,-12.32,0.23966541448019,0.0713486716586069,0.0821826787125143
-0.377509765625,0.2543515625,-0.001,-0.478,-0.498,0.04,-11.744,0.243077439160335,0.0611842747696457,0.0875322887091694
-0.4075390625,0.2217255859375,-0.001,-0.395,-0.475,0.04,-11.996,0.236790352469488,0.0587738822730231,0.1107685209815
-0.45012109375,0.16543359375,-0.001,-0.264,-0.388,0.064,-12.692,0.216095578016336,0.0660808924917756,0.146605098530338
-0.4566171875,0.1554658203125,-0.001,-0.212,-0.326,0.02,-12.392,0.205379022321036,0.0707699543848892,0.155547207794884
-0.4608046875,0.1461318359375,-0.001,-0.135,-0.316,0.052,-12.736,0.186659219407427,0.0812569012677454,0.16731064527953
-0.399021484375,0.1180888671875,-0.001,0.592,0.06,0.108,-13.684,-0.0377641729289622,0.188503035346512,0.14708427616513
-0.2966865234375,0.1517216796875,-0.001,0.882,0.346,0.088,-12.32,-0.148035529871748,0.2000106115825,0.0821152548025839
-0.2578583984375,0.171462890625,-0.001,1,0.542,0.04,-11.164,-0.191244023972245,0.192888080290953,0.04770994431265
-0.227982421875,0.1884921875,-0.001,1.013,0.587,0.064,-10.98,-0.209367954177886,0.184572242195107,0.0443651266640277
-0.132451171875,0.2547646484375,-0.011,0.959,0.805,0.04,-9.292,-0.252024045412555,0.146141187792569,0.0666715212835781
-0.073447265625,0.3050400390625,0.007,0.802,0.705,0.064,-7.512,-0.240253257604276,0.142081648701747,0.124679404090118
-0.0505009765625,0.3264462890625,0.006,0.763,0.682,0.032,-6.796,-0.234313110845841,0.140613860653534,0.141859128385925
-0.0232314453125,0.3532490234375,-0.001,0.68,0.745,0.076,-6.172,-0.234695031542079,0.122547132820452,0.162145041213848
0.0134111328125,0.389826171875,-0.002,0.591,0.652,0.052,-6.148,-0.212273231288208,0.124843978021827,0.190388442468496
0.0773154296875,0.454044921875,-0.001,0.405,0.344,0.04,-4.76,-0.143505762784389,0.139692125151188,0.226046558129806
0.106171875,0.4800341796875,0.001,0.296,0.277,0.076,-4.276,-0.116799166599337,0.14086560600106,0.232968981823352
0.16328125,0.4829521484375,-0.001,0.095,0.32,0.076,-4.552,-0.0761698853668885,0.139583392141191,0.229416540034803
0.1828984375,0.5355517578125,0.003,0.065,0.219,0.076,-3.396,-0.0651314663610285,0.145590914284976,0.228639732216417
0.2617900390625,0.5916884765625,-0.001,0.092,0.252,0.064,-3.58,-0.0895189768265805,0.135234877037969,0.239168226818644
0.2694326171875,0.61621875,-0.002,0.11,0.425,0.04,-3.352,-0.110492344253619,0.120733930422651,0.25308209447011
0.276642578125,0.66050390625,0,0.048,0.454,0.1,-3.236,-0.105440524508578,0.116258492882278,0.260787650716153
0.2780859375,0.70937109375,0.007,0.007,0.566,0.064,-3.212,-0.103389903332743,0.110912613981599,0.26907982539793
0.2780859375,0.757,-0.007,-0.003,0.386,0.088,-3.28,-0.0925808827317415,0.124796628734126,0.262231923287506
0.27794140625,0.8214384765625,0.011,-0.001,0.165,0.032,-2.98,-0.0770718781754994,0.142354312309069,0.24552304537406
0.2780859375,0.8326708984375,-0.01,-0.001,0.056,0.052,-3.164,-0.0699538763501839,0.145959803925097,0.237468121457829
0.27794140625,0.7877666015625,0.001,-0.001,-0.299,0.064,-2.704,-0.0342640444870002,0.153219047975761,0.199992778238215
0.2593359375,0.60728515625,-0.001,-0.045,-0.117,0.064,-3.28,-0.0213687602792247,0.16026555056523,0.195806756376832
0.257169921875,0.6016689453125,-0.001,-0.054,-0.151,0.04,-3.096,-0.0124703189047432,0.161730171834376,0.189073075865112
0.2287646484375,0.5409482421875,-0.004,-0.161,-0.344,0.076,-3.652,0.0377687722548271,0.16902303641103,0.154127118192073
0.219244140625,0.51371875,-0.001,-0.132,-0.41,0.04,-3.56,0.0493235420924396,0.165918849510289,0.151598409689517
0.2113125,0.487109375,-0.001,-0.133,-0.48,0.04,-3.536,0.0628947388797869,0.164306813067823,0.146449048491856
0.2010712890625,0.4438583984375,-0.001,-0.122,-0.617,0.064,-3.928,0.082572259240509,0.159935338911558,0.142176863641366
0.1942861328125,0.4027236328125,0.001,-0.086,-0.569,0.064,-4.112,0.0780915458157755,0.161459205610205,0.153247839750826
0.177998046875,0.2848857421875,-0.01,-0.005,0.369,0.088,-4.852,-0.0380498838047375,0.141803449209798,0.205816749086443
0.1777099609375,0.3476328125,-0.008,-0.002,0.773,0.032,-4.204,-0.0757236368503713,0.106083269995072,0.224582815728304
0.177998046875,0.38566796875,0.011,0.001,0.96,0.008,-4.436,-0.0915248031567201,0.087718224637824,0.235682403148628
0.177998046875,0.41789453125,0.007,0.001,1.1,0.052,-4.6,-0.100983240391333,0.0636319174171888,0.245815918587098
0.1777099609375,0.5681904296875,0.011,-0.014,1.131,0.008,-3.928,-0.10537311895086,0.0647822844623995,0.270960667798151
0.178142578125,0.681716796875,0.011,-0.005,0.922,0.076,-4.3,-0.107722012619745,0.0817223519567052,0.285996458707572
0.178287109375,0.7287119140625,-0.001,-0.001,0.715,0.052,-4.3,-0.0986566194149203,0.106458449786656,0.280200933608104
0.178142578125,0.765521484375,-0.005,-0.001,0.39,0.088,-3.836,-0.0809719000877308,0.133041598232008,0.264073763440103
0.178431640625,0.775927734375,0,0.001,0.248,0.04,-4.368,-0.0672359549132579,0.145188709723431,0.24883223582633
0.2033818359375,0.6461591796875,-0.001,-0.004,-0.182,0.052,-2.84,-0.0168580293801422,0.159202277094533,0.19890020552226
